-- =====================================================================
-- SCRIPT DML DE POBLACIÓN DE DATOS (Mínimo 100 registros por tabla)
-- Generado dinámicamente con integridad referencial garantizada
-- =====================================================================
USE `tourviña`;

SET FOREIGN_KEY_CHECKS = 0;
TRUNCATE TABLE DETALLE_VENTA;
TRUNCATE TABLE COMPROBANTE_VENTA;
TRUNCATE TABLE VALORACION;
TRUNCATE TABLE RESERVA_DESCUENTO;
TRUNCATE TABLE ACOMPANANTE;
TRUNCATE TABLE RESERVA;
TRUNCATE TABLE DESCUENTO;
TRUNCATE TABLE CONTACTO_CLIENTE;
TRUNCATE TABLE CLIENTE_INTERNACIONAL;
TRUNCATE TABLE CLIENTE_NACIONAL;
TRUNCATE TABLE CLIENTE;
TRUNCATE TABLE PRODUCTO;
TRUNCATE TABLE TOUR;
TRUNCATE TABLE CONTACTO_VINA;
TRUNCATE TABLE VINA;
SET FOREIGN_KEY_CHECKS = 1;

-- Inserción en VINA (23 registros)
INSERT INTO VINA (id_vina, rut_vina, nombre, direccion, region, sitio_web) VALUES
(1, '76000001-K', 'Viña Concha y Toro', 'Camino a Isla de Maipo s/n, Parcela 1', 'Región del Maule', 'www.conchaytoro.cl'),
(2, '76000002-K', 'Viña Santa Rita', 'Camino a San Javier s/n, Parcela 2', 'Región Metropolitana', 'www.santarita.cl'),
(3, '76000003-K', 'Viña Undurraga', 'Camino a Curicó s/n, Parcela 3', 'Región de O''Higgins', 'www.undurraga.cl'),
(4, '76000004-K', 'Viña Montes', 'Camino a Curicó s/n, Parcela 4', 'Región Metropolitana', 'www.montes.cl'),
(5, '76000005-K', 'Viña Errázuriz', 'Camino a Curicó s/n, Parcela 5', 'Región de Valparaíso', 'www.errazuriz.cl'),
(6, '76000006-K', 'Viña Tarapacá', 'Camino a Talca s/n, Parcela 6', 'Región de Valparaíso', 'www.tarapaca.cl'),
(7, '76000007-K', 'Viña Casa Silva', 'Camino a Talca s/n, Parcela 7', 'Región de O''Higgins', 'www.casasilva.cl'),
(8, '76000008-K', 'Viña Lapostolle', 'Camino a San Javier s/n, Parcela 8', 'Región Metropolitana', 'www.lapostolle.cl'),
(9, '76000009-K', 'Viña San Pedro', 'Camino a San Fernando s/n, Parcela 9', 'Región de O''Higgins', 'www.sanpedro.cl'),
(10, '76000010-K', 'Viña Valdivieso', 'Camino a Casablanca s/n, Parcela 10', 'Región de Valparaíso', 'www.valdivieso.cl'),
(11, '76000011-K', 'Viña Perez Cruz', 'Camino a Valparaíso s/n, Parcela 11', 'Región Metropolitana', 'www.perezcruz.cl'),
(12, '76000012-K', 'Viña De Martino', 'Camino a Isla de Maipo s/n, Parcela 12', 'Región del Biobío', 'www.demartino.cl'),
(13, '76000013-K', 'Viña Odfjell', 'Camino a Valparaíso s/n, Parcela 13', 'Región del Maule', 'www.odfjell.cl'),
(14, '76000014-K', 'Viña Viu Manent', 'Camino a Buin s/n, Parcela 14', 'Región del Biobío', 'www.viumanent.cl'),
(15, '76000015-K', 'Viña Bisquertt', 'Camino a Santiago s/n, Parcela 15', 'Región del Maule', 'www.bisquertt.cl'),
(16, '76000016-K', 'Viña Koyle', 'Camino a Casablanca s/n, Parcela 16', 'Región de Valparaíso', 'www.koyle.cl'),
(17, '76000017-K', 'Viña Siegel', 'Camino a Curicó s/n, Parcela 17', 'Región de O''Higgins', 'www.siegel.cl'),
(18, '76000018-K', 'Viña Bouchon', 'Camino a Valparaíso s/n, Parcela 18', 'Región Metropolitana', 'www.bouchon.cl'),
(19, '76000019-K', 'Viña Balduzzi', 'Camino a Valparaíso s/n, Parcela 19', 'Región de O''Higgins', 'www.balduzzi.cl'),
(20, '76000020-K', 'Viña Gillmore', 'Camino a Talca s/n, Parcela 20', 'Región del Maule', 'www.gillmore.cl'),
(21, '76000021-K', 'Viña Aresti', 'Camino a Casablanca s/n, Parcela 21', 'Región del Biobío', 'www.aresti.cl'),
(22, '76000022-K', 'Viña Ventisquero', 'Camino a Valparaíso s/n, Parcela 22', 'Región Metropolitana', 'www.ventisquero.cl'),
(23, '76000023-K', 'Viña Almaviva', 'Camino a Valparaíso s/n, Parcela 23', 'Región Metropolitana', 'www.almaviva.cl');

-- Inserción en CONTACTO_VINA (115 registros)
INSERT INTO CONTACTO_VINA (id_vina, tipo, valor) VALUES
(1, 'Telefono', '+56900000001'),
(1, 'Correo', 'contacto@vina1.cl'),
(1, 'Telefono', '+56200000001'),
(1, 'Correo', 'info@vina1.cl'),
(1, 'Correo', 'ventas@vina1.cl'),
(2, 'Telefono', '+56900000002'),
(2, 'Correo', 'contacto@vina2.cl'),
(2, 'Telefono', '+56200000002'),
(2, 'Correo', 'info@vina2.cl'),
(2, 'Correo', 'ventas@vina2.cl'),
(3, 'Telefono', '+56900000003'),
(3, 'Correo', 'contacto@vina3.cl'),
(3, 'Telefono', '+56200000003'),
(3, 'Correo', 'info@vina3.cl'),
(3, 'Correo', 'ventas@vina3.cl'),
(4, 'Telefono', '+56900000004'),
(4, 'Correo', 'contacto@vina4.cl'),
(4, 'Telefono', '+56200000004'),
(4, 'Correo', 'info@vina4.cl'),
(4, 'Correo', 'ventas@vina4.cl'),
(5, 'Telefono', '+56900000005'),
(5, 'Correo', 'contacto@vina5.cl'),
(5, 'Telefono', '+56200000005'),
(5, 'Correo', 'info@vina5.cl'),
(5, 'Correo', 'ventas@vina5.cl'),
(6, 'Telefono', '+56900000006'),
(6, 'Correo', 'contacto@vina6.cl'),
(6, 'Telefono', '+56200000006'),
(6, 'Correo', 'info@vina6.cl'),
(6, 'Correo', 'ventas@vina6.cl'),
(7, 'Telefono', '+56900000007'),
(7, 'Correo', 'contacto@vina7.cl'),
(7, 'Telefono', '+56200000007'),
(7, 'Correo', 'info@vina7.cl'),
(7, 'Correo', 'ventas@vina7.cl'),
(8, 'Telefono', '+56900000008'),
(8, 'Correo', 'contacto@vina8.cl'),
(8, 'Telefono', '+56200000008'),
(8, 'Correo', 'info@vina8.cl'),
(8, 'Correo', 'ventas@vina8.cl'),
(9, 'Telefono', '+56900000009'),
(9, 'Correo', 'contacto@vina9.cl'),
(9, 'Telefono', '+56200000009'),
(9, 'Correo', 'info@vina9.cl'),
(9, 'Correo', 'ventas@vina9.cl'),
(10, 'Telefono', '+56900000010'),
(10, 'Correo', 'contacto@vina10.cl'),
(10, 'Telefono', '+56200000010'),
(10, 'Correo', 'info@vina10.cl'),
(10, 'Correo', 'ventas@vina10.cl'),
(11, 'Telefono', '+56900000011'),
(11, 'Correo', 'contacto@vina11.cl'),
(11, 'Telefono', '+56200000011'),
(11, 'Correo', 'info@vina11.cl'),
(11, 'Correo', 'ventas@vina11.cl'),
(12, 'Telefono', '+56900000012'),
(12, 'Correo', 'contacto@vina12.cl'),
(12, 'Telefono', '+56200000012'),
(12, 'Correo', 'info@vina12.cl'),
(12, 'Correo', 'ventas@vina12.cl'),
(13, 'Telefono', '+56900000013'),
(13, 'Correo', 'contacto@vina13.cl'),
(13, 'Telefono', '+56200000013'),
(13, 'Correo', 'info@vina13.cl'),
(13, 'Correo', 'ventas@vina13.cl'),
(14, 'Telefono', '+56900000014'),
(14, 'Correo', 'contacto@vina14.cl'),
(14, 'Telefono', '+56200000014'),
(14, 'Correo', 'info@vina14.cl'),
(14, 'Correo', 'ventas@vina14.cl'),
(15, 'Telefono', '+56900000015'),
(15, 'Correo', 'contacto@vina15.cl'),
(15, 'Telefono', '+56200000015'),
(15, 'Correo', 'info@vina15.cl'),
(15, 'Correo', 'ventas@vina15.cl'),
(16, 'Telefono', '+56900000016'),
(16, 'Correo', 'contacto@vina16.cl'),
(16, 'Telefono', '+56200000016'),
(16, 'Correo', 'info@vina16.cl'),
(16, 'Correo', 'ventas@vina16.cl'),
(17, 'Telefono', '+56900000017'),
(17, 'Correo', 'contacto@vina17.cl'),
(17, 'Telefono', '+56200000017'),
(17, 'Correo', 'info@vina17.cl'),
(17, 'Correo', 'ventas@vina17.cl'),
(18, 'Telefono', '+56900000018'),
(18, 'Correo', 'contacto@vina18.cl'),
(18, 'Telefono', '+56200000018'),
(18, 'Correo', 'info@vina18.cl'),
(18, 'Correo', 'ventas@vina18.cl'),
(19, 'Telefono', '+56900000019'),
(19, 'Correo', 'contacto@vina19.cl'),
(19, 'Telefono', '+56200000019'),
(19, 'Correo', 'info@vina19.cl'),
(19, 'Correo', 'ventas@vina19.cl'),
(20, 'Telefono', '+56900000020'),
(20, 'Correo', 'contacto@vina20.cl'),
(20, 'Telefono', '+56200000020'),
(20, 'Correo', 'info@vina20.cl'),
(20, 'Correo', 'ventas@vina20.cl'),
(21, 'Telefono', '+56900000021'),
(21, 'Correo', 'contacto@vina21.cl'),
(21, 'Telefono', '+56200000021'),
(21, 'Correo', 'info@vina21.cl'),
(21, 'Correo', 'ventas@vina21.cl'),
(22, 'Telefono', '+56900000022'),
(22, 'Correo', 'contacto@vina22.cl'),
(22, 'Telefono', '+56200000022'),
(22, 'Correo', 'info@vina22.cl'),
(22, 'Correo', 'ventas@vina22.cl'),
(23, 'Telefono', '+56900000023'),
(23, 'Correo', 'contacto@vina23.cl'),
(23, 'Telefono', '+56200000023'),
(23, 'Correo', 'info@vina23.cl'),
(23, 'Correo', 'ventas@vina23.cl');

-- Inserción en TOUR (120 registros)
INSERT INTO TOUR (id_tour, id_vina, nombre_tour, descripcion, duracion_min, fec_hora_inicio, precio_persona, cupo_max) VALUES
(1, 1, 'Tour Enólogo 1', 'Descripción del tour exclusivo número 1', 90, '2025-01-05 10:00:00', 45000, 25),
(2, 2, 'Tour Reserva 2', 'Descripción del tour exclusivo número 2', 90, '2025-01-09 16:00:00', 20000, 40),
(3, 3, 'Tour Enólogo 3', 'Descripción del tour exclusivo número 3', 60, '2025-01-13 10:00:00', 15000, 40),
(4, 4, 'Tour Cata Exclusiva 4', 'Descripción del tour exclusivo número 4', 60, '2025-01-17 14:00:00', 80000, 30),
(5, 5, 'Tour Sunset 5', 'Descripción del tour exclusivo número 5', 60, '2025-01-21 14:00:00', 30000, 30),
(6, 6, 'Tour Cata Exclusiva 6', 'Descripción del tour exclusivo número 6', 120, '2025-01-25 10:00:00', 45000, 25),
(7, 7, 'Tour Sunset 7', 'Descripción del tour exclusivo número 7', 150, '2025-01-29 10:00:00', 20000, 30),
(8, 8, 'Tour Tradicional 8', 'Descripción del tour exclusivo número 8', 90, '2025-02-02 16:00:00', 45000, 30),
(9, 9, 'Tour Cata Exclusiva 9', 'Descripción del tour exclusivo número 9', 180, '2025-02-06 14:00:00', 80000, 40),
(10, 10, 'Tour Cata Exclusiva 10', 'Descripción del tour exclusivo número 10', 60, '2025-02-10 12:00:00', 45000, 15),
(11, 11, 'Tour Reserva 11', 'Descripción del tour exclusivo número 11', 60, '2025-02-14 14:00:00', 45000, 15),
(12, 12, 'Tour Enólogo 12', 'Descripción del tour exclusivo número 12', 90, '2025-02-18 10:00:00', 30000, 25),
(13, 13, 'Tour Enólogo 13', 'Descripción del tour exclusivo número 13', 150, '2025-02-22 14:00:00', 30000, 25),
(14, 14, 'Tour Tradicional 14', 'Descripción del tour exclusivo número 14', 120, '2025-02-26 16:00:00', 60000, 15),
(15, 15, 'Tour Tradicional 15', 'Descripción del tour exclusivo número 15', 120, '2025-03-02 14:00:00', 25000, 25),
(16, 16, 'Tour Sunset 16', 'Descripción del tour exclusivo número 16', 180, '2025-03-06 16:00:00', 15000, 40),
(17, 17, 'Tour Premium 17', 'Descripción del tour exclusivo número 17', 120, '2025-03-10 10:00:00', 60000, 25),
(18, 18, 'Tour Aventura 18', 'Descripción del tour exclusivo número 18', 60, '2025-03-14 14:00:00', 15000, 25),
(19, 19, 'Tour Premium 19', 'Descripción del tour exclusivo número 19', 120, '2025-03-18 16:00:00', 30000, 15),
(20, 20, 'Tour Cata Exclusiva 20', 'Descripción del tour exclusivo número 20', 150, '2025-03-22 16:00:00', 15000, 15),
(21, 21, 'Tour Aventura 21', 'Descripción del tour exclusivo número 21', 90, '2025-03-26 12:00:00', 45000, 30),
(22, 22, 'Tour Tradicional 22', 'Descripción del tour exclusivo número 22', 150, '2025-03-30 16:00:00', 25000, 40),
(23, 23, 'Tour Cata Exclusiva 23', 'Descripción del tour exclusivo número 23', 60, '2025-04-03 14:00:00', 60000, 15),
(24, 1, 'Tour Cata Exclusiva 24', 'Descripción del tour exclusivo número 24', 150, '2025-04-07 16:00:00', 25000, 25),
(25, 2, 'Tour Enólogo 25', 'Descripción del tour exclusivo número 25', 90, '2025-04-11 14:00:00', 80000, 15),
(26, 3, 'Tour Cata Exclusiva 26', 'Descripción del tour exclusivo número 26', 150, '2025-04-15 10:00:00', 30000, 10),
(27, 4, 'Tour Enólogo 27', 'Descripción del tour exclusivo número 27', 60, '2025-04-19 16:00:00', 15000, 15),
(28, 5, 'Tour Enólogo 28', 'Descripción del tour exclusivo número 28', 150, '2025-04-23 10:00:00', 80000, 20),
(29, 6, 'Tour Tradicional 29', 'Descripción del tour exclusivo número 29', 150, '2025-04-27 10:00:00', 45000, 25),
(30, 7, 'Tour Premium 30', 'Descripción del tour exclusivo número 30', 90, '2025-05-01 10:00:00', 20000, 25),
(31, 8, 'Tour Premium 31', 'Descripción del tour exclusivo número 31', 120, '2025-05-05 12:00:00', 20000, 25),
(32, 9, 'Tour Reserva 32', 'Descripción del tour exclusivo número 32', 60, '2025-05-09 16:00:00', 15000, 30),
(33, 10, 'Tour Cata Exclusiva 33', 'Descripción del tour exclusivo número 33', 90, '2025-05-13 10:00:00', 45000, 25),
(34, 11, 'Tour Cata Exclusiva 34', 'Descripción del tour exclusivo número 34', 120, '2025-05-17 14:00:00', 60000, 15),
(35, 12, 'Tour Enólogo 35', 'Descripción del tour exclusivo número 35', 120, '2025-05-21 10:00:00', 25000, 10),
(36, 13, 'Tour Enólogo 36', 'Descripción del tour exclusivo número 36', 180, '2025-05-25 10:00:00', 25000, 20),
(37, 14, 'Tour Cata Exclusiva 37', 'Descripción del tour exclusivo número 37', 180, '2025-05-29 14:00:00', 60000, 30),
(38, 15, 'Tour Cata Exclusiva 38', 'Descripción del tour exclusivo número 38', 120, '2025-06-02 14:00:00', 60000, 30),
(39, 16, 'Tour Enólogo 39', 'Descripción del tour exclusivo número 39', 90, '2025-06-06 12:00:00', 15000, 30),
(40, 17, 'Tour Enólogo 40', 'Descripción del tour exclusivo número 40', 180, '2025-06-10 16:00:00', 20000, 15),
(41, 18, 'Tour Tradicional 41', 'Descripción del tour exclusivo número 41', 90, '2025-06-14 16:00:00', 15000, 10),
(42, 19, 'Tour Cata Exclusiva 42', 'Descripción del tour exclusivo número 42', 60, '2025-06-18 10:00:00', 20000, 40),
(43, 20, 'Tour Premium 43', 'Descripción del tour exclusivo número 43', 120, '2025-06-22 10:00:00', 20000, 30),
(44, 21, 'Tour Aventura 44', 'Descripción del tour exclusivo número 44', 60, '2025-06-26 16:00:00', 45000, 15),
(45, 22, 'Tour Sunset 45', 'Descripción del tour exclusivo número 45', 120, '2025-06-30 14:00:00', 25000, 15),
(46, 23, 'Tour Sunset 46', 'Descripción del tour exclusivo número 46', 120, '2025-07-04 16:00:00', 45000, 25),
(47, 1, 'Tour Enólogo 47', 'Descripción del tour exclusivo número 47', 180, '2025-07-08 12:00:00', 15000, 15),
(48, 2, 'Tour Sunset 48', 'Descripción del tour exclusivo número 48', 90, '2025-07-12 16:00:00', 15000, 30),
(49, 3, 'Tour Reserva 49', 'Descripción del tour exclusivo número 49', 150, '2025-07-16 14:00:00', 25000, 30),
(50, 4, 'Tour Sunset 50', 'Descripción del tour exclusivo número 50', 120, '2025-07-20 12:00:00', 45000, 15),
(51, 5, 'Tour Cata Exclusiva 51', 'Descripción del tour exclusivo número 51', 150, '2025-07-24 12:00:00', 15000, 20),
(52, 6, 'Tour Tradicional 52', 'Descripción del tour exclusivo número 52', 60, '2025-07-28 16:00:00', 30000, 20),
(53, 7, 'Tour Premium 53', 'Descripción del tour exclusivo número 53', 150, '2025-08-01 16:00:00', 15000, 25),
(54, 8, 'Tour Sunset 54', 'Descripción del tour exclusivo número 54', 150, '2025-08-05 10:00:00', 80000, 10),
(55, 9, 'Tour Enólogo 55', 'Descripción del tour exclusivo número 55', 180, '2025-08-09 14:00:00', 80000, 10),
(56, 10, 'Tour Sunset 56', 'Descripción del tour exclusivo número 56', 180, '2025-08-13 14:00:00', 30000, 30),
(57, 11, 'Tour Sunset 57', 'Descripción del tour exclusivo número 57', 90, '2025-08-17 10:00:00', 25000, 20),
(58, 12, 'Tour Cata Exclusiva 58', 'Descripción del tour exclusivo número 58', 180, '2025-08-21 16:00:00', 80000, 25),
(59, 13, 'Tour Premium 59', 'Descripción del tour exclusivo número 59', 150, '2025-08-25 16:00:00', 80000, 25),
(60, 14, 'Tour Tradicional 60', 'Descripción del tour exclusivo número 60', 60, '2025-08-29 16:00:00', 30000, 15),
(61, 15, 'Tour Aventura 61', 'Descripción del tour exclusivo número 61', 60, '2025-09-02 12:00:00', 45000, 40),
(62, 16, 'Tour Sunset 62', 'Descripción del tour exclusivo número 62', 150, '2025-09-06 10:00:00', 80000, 15),
(63, 17, 'Tour Reserva 63', 'Descripción del tour exclusivo número 63', 150, '2025-09-10 16:00:00', 15000, 25),
(64, 18, 'Tour Tradicional 64', 'Descripción del tour exclusivo número 64', 150, '2025-09-14 12:00:00', 45000, 15),
(65, 19, 'Tour Cata Exclusiva 65', 'Descripción del tour exclusivo número 65', 150, '2025-09-18 16:00:00', 25000, 15),
(66, 20, 'Tour Sunset 66', 'Descripción del tour exclusivo número 66', 120, '2025-09-22 16:00:00', 45000, 40),
(67, 21, 'Tour Enólogo 67', 'Descripción del tour exclusivo número 67', 60, '2025-09-26 14:00:00', 25000, 10),
(68, 22, 'Tour Premium 68', 'Descripción del tour exclusivo número 68', 180, '2025-09-30 12:00:00', 30000, 10),
(69, 23, 'Tour Sunset 69', 'Descripción del tour exclusivo número 69', 90, '2025-10-04 10:00:00', 45000, 20),
(70, 1, 'Tour Premium 70', 'Descripción del tour exclusivo número 70', 180, '2025-10-08 16:00:00', 25000, 15),
(71, 2, 'Tour Premium 71', 'Descripción del tour exclusivo número 71', 120, '2025-10-12 14:00:00', 80000, 30),
(72, 3, 'Tour Cata Exclusiva 72', 'Descripción del tour exclusivo número 72', 60, '2025-10-16 10:00:00', 45000, 10),
(73, 4, 'Tour Premium 73', 'Descripción del tour exclusivo número 73', 90, '2025-10-20 16:00:00', 45000, 10),
(74, 5, 'Tour Tradicional 74', 'Descripción del tour exclusivo número 74', 60, '2025-10-24 12:00:00', 15000, 40),
(75, 6, 'Tour Sunset 75', 'Descripción del tour exclusivo número 75', 60, '2025-10-28 14:00:00', 30000, 20),
(76, 7, 'Tour Cata Exclusiva 76', 'Descripción del tour exclusivo número 76', 120, '2025-11-01 16:00:00', 15000, 10),
(77, 8, 'Tour Tradicional 77', 'Descripción del tour exclusivo número 77', 60, '2025-11-05 14:00:00', 80000, 30),
(78, 9, 'Tour Premium 78', 'Descripción del tour exclusivo número 78', 120, '2025-11-09 12:00:00', 80000, 15),
(79, 10, 'Tour Sunset 79', 'Descripción del tour exclusivo número 79', 180, '2025-11-13 14:00:00', 30000, 10),
(80, 11, 'Tour Sunset 80', 'Descripción del tour exclusivo número 80', 180, '2025-11-17 10:00:00', 30000, 10),
(81, 12, 'Tour Reserva 81', 'Descripción del tour exclusivo número 81', 90, '2025-11-21 10:00:00', 80000, 15),
(82, 13, 'Tour Enólogo 82', 'Descripción del tour exclusivo número 82', 90, '2025-11-25 14:00:00', 60000, 30),
(83, 14, 'Tour Cata Exclusiva 83', 'Descripción del tour exclusivo número 83', 150, '2025-11-29 12:00:00', 60000, 40),
(84, 15, 'Tour Sunset 84', 'Descripción del tour exclusivo número 84', 150, '2025-12-03 14:00:00', 45000, 40),
(85, 16, 'Tour Reserva 85', 'Descripción del tour exclusivo número 85', 120, '2025-12-07 12:00:00', 20000, 20),
(86, 17, 'Tour Premium 86', 'Descripción del tour exclusivo número 86', 90, '2025-12-11 10:00:00', 30000, 10),
(87, 18, 'Tour Enólogo 87', 'Descripción del tour exclusivo número 87', 180, '2025-12-15 14:00:00', 45000, 20),
(88, 19, 'Tour Tradicional 88', 'Descripción del tour exclusivo número 88', 180, '2025-12-19 12:00:00', 45000, 15),
(89, 20, 'Tour Sunset 89', 'Descripción del tour exclusivo número 89', 60, '2025-12-23 12:00:00', 45000, 30),
(90, 21, 'Tour Tradicional 90', 'Descripción del tour exclusivo número 90', 60, '2025-12-27 10:00:00', 45000, 10),
(91, 22, 'Tour Enólogo 91', 'Descripción del tour exclusivo número 91', 150, '2025-12-31 10:00:00', 30000, 30),
(92, 23, 'Tour Tradicional 92', 'Descripción del tour exclusivo número 92', 90, '2026-01-04 16:00:00', 30000, 30),
(93, 1, 'Tour Sunset 93', 'Descripción del tour exclusivo número 93', 120, '2026-01-08 14:00:00', 60000, 15),
(94, 2, 'Tour Sunset 94', 'Descripción del tour exclusivo número 94', 60, '2026-01-12 14:00:00', 30000, 15),
(95, 3, 'Tour Cata Exclusiva 95', 'Descripción del tour exclusivo número 95', 60, '2026-01-16 14:00:00', 15000, 15),
(96, 4, 'Tour Sunset 96', 'Descripción del tour exclusivo número 96', 90, '2026-01-20 16:00:00', 80000, 30),
(97, 5, 'Tour Premium 97', 'Descripción del tour exclusivo número 97', 90, '2026-01-24 12:00:00', 80000, 30),
(98, 6, 'Tour Enólogo 98', 'Descripción del tour exclusivo número 98', 150, '2026-01-28 12:00:00', 30000, 30),
(99, 7, 'Tour Aventura 99', 'Descripción del tour exclusivo número 99', 60, '2026-02-01 14:00:00', 80000, 25),
(100, 8, 'Tour Reserva 100', 'Descripción del tour exclusivo número 100', 120, '2026-02-05 12:00:00', 30000, 40),
(101, 9, 'Tour Reserva 101', 'Descripción del tour exclusivo número 101', 90, '2026-02-09 16:00:00', 80000, 25),
(102, 10, 'Tour Aventura 102', 'Descripción del tour exclusivo número 102', 150, '2026-02-13 14:00:00', 15000, 15),
(103, 11, 'Tour Cata Exclusiva 103', 'Descripción del tour exclusivo número 103', 90, '2026-02-17 16:00:00', 60000, 10),
(104, 12, 'Tour Cata Exclusiva 104', 'Descripción del tour exclusivo número 104', 150, '2026-02-21 14:00:00', 20000, 40),
(105, 13, 'Tour Premium 105', 'Descripción del tour exclusivo número 105', 90, '2026-02-25 12:00:00', 30000, 10),
(106, 14, 'Tour Sunset 106', 'Descripción del tour exclusivo número 106', 90, '2026-03-01 10:00:00', 80000, 20),
(107, 15, 'Tour Cata Exclusiva 107', 'Descripción del tour exclusivo número 107', 90, '2026-03-05 12:00:00', 25000, 40),
(108, 16, 'Tour Aventura 108', 'Descripción del tour exclusivo número 108', 60, '2026-03-09 12:00:00', 25000, 20),
(109, 17, 'Tour Enólogo 109', 'Descripción del tour exclusivo número 109', 150, '2026-03-13 14:00:00', 15000, 20),
(110, 18, 'Tour Cata Exclusiva 110', 'Descripción del tour exclusivo número 110', 120, '2026-03-17 14:00:00', 15000, 40),
(111, 19, 'Tour Cata Exclusiva 111', 'Descripción del tour exclusivo número 111', 120, '2026-03-21 16:00:00', 15000, 15),
(112, 20, 'Tour Tradicional 112', 'Descripción del tour exclusivo número 112', 90, '2026-03-25 14:00:00', 80000, 10),
(113, 21, 'Tour Tradicional 113', 'Descripción del tour exclusivo número 113', 150, '2026-03-29 10:00:00', 45000, 10),
(114, 22, 'Tour Premium 114', 'Descripción del tour exclusivo número 114', 150, '2026-04-02 10:00:00', 45000, 25),
(115, 23, 'Tour Cata Exclusiva 115', 'Descripción del tour exclusivo número 115', 90, '2026-04-06 10:00:00', 20000, 25),
(116, 1, 'Tour Premium 116', 'Descripción del tour exclusivo número 116', 120, '2026-04-10 12:00:00', 80000, 15),
(117, 2, 'Tour Tradicional 117', 'Descripción del tour exclusivo número 117', 60, '2026-04-14 16:00:00', 25000, 25),
(118, 3, 'Tour Reserva 118', 'Descripción del tour exclusivo número 118', 60, '2026-04-18 10:00:00', 15000, 40),
(119, 4, 'Tour Premium 119', 'Descripción del tour exclusivo número 119', 180, '2026-04-22 14:00:00', 45000, 30),
(120, 5, 'Tour Aventura 120', 'Descripción del tour exclusivo número 120', 150, '2026-04-26 14:00:00', 20000, 15);

-- Inserción en CLIENTE (220 registros)
INSERT INTO CLIENTE (id_cliente, nombres, apellidos, fecha_nacimiento, tipo_cliente) VALUES
(1, 'Carlos Gabriel', 'Garcia Durand', '1970-02-20', 'Nacional'),
(2, 'Ana Jose', 'Fuentes Perez', '1970-04-11', 'Nacional'),
(3, 'Hans Daniela', 'Davis Rodriguez', '1970-05-31', 'Nacional'),
(4, 'Daniela Gabriel', 'Rojas Gonzalez', '1970-07-20', 'Nacional'),
(5, 'John John', 'Contreras Muñoz', '1970-09-08', 'Nacional'),
(6, 'Camila Hans', 'Bernard Rodriguez', '1970-10-28', 'Nacional'),
(7, 'Camila Andres', 'Contreras Gonzalez', '1970-12-17', 'Nacional'),
(8, 'Andres Jose', 'Richard Martinez', '1971-02-05', 'Nacional'),
(9, 'Valentina Francisco', 'Rodriguez Rojas', '1971-03-27', 'Nacional'),
(10, 'Marie Martina', 'Soto Davis', '1971-05-16', 'Nacional'),
(11, 'Sebastian Diego', 'Morales Miller', '1971-07-05', 'Nacional'),
(12, 'Hans Constanza', 'Morales Thomas', '1971-08-24', 'Nacional'),
(13, 'Emily Catalina', 'Araya Rojas', '1971-10-13', 'Nacional'),
(14, 'Sebastian Hans', 'Valdes Martin', '1971-12-02', 'Nacional'),
(15, 'Catalina Javiera', 'Martinez Silva', '1972-01-21', 'Nacional'),
(16, 'Laura Constanza', 'Taylor Garcia', '1972-03-11', 'Nacional'),
(17, 'Pedro Ricardo', 'Johnson Bernard', '1972-04-30', 'Nacional'),
(18, 'Valentina Catalina', 'Flores Valenzuela', '1972-06-19', 'Nacional'),
(19, 'Maria Jorge', 'Soto Wilson', '1972-08-08', 'Nacional'),
(20, 'Pedro Diego', 'Bernard Durand', '1972-09-27', 'Nacional'),
(21, 'Catalina Maria', 'Miller Silva', '1972-11-16', 'Nacional'),
(22, 'Kenji Sebastian', 'Contreras Lopez', '1973-01-05', 'Nacional'),
(23, 'Jorge Hans', 'Dupont Martin', '1973-02-24', 'Nacional'),
(24, 'Daniela Hans', 'Castillo Martin', '1973-04-15', 'Nacional'),
(25, 'Valentina Jorge', 'Martin Gonzalez', '1973-06-04', 'Nacional'),
(26, 'Laura Emily', 'Diaz Fuentes', '1973-07-24', 'Nacional'),
(27, 'Luis Felipe', 'Martin Dubois', '1973-09-12', 'Nacional'),
(28, 'Isidora Ricardo', 'Martinez Martin', '1973-11-01', 'Nacional'),
(29, 'Helga Luis', 'Diaz Valdes', '1973-12-21', 'Nacional'),
(30, 'Sebastian Pierre', 'Espinoza Sepulveda', '1974-02-09', 'Nacional'),
(31, 'Antonia Sebastian', 'Rodriguez Silva', '1974-03-31', 'Nacional'),
(32, 'Martina Francisca', 'Wilson Dubois', '1974-05-20', 'Nacional'),
(33, 'Beatriz Kenji', 'Perez Wilson', '1974-07-09', 'Nacional'),
(34, 'Marie Beatriz', 'Richard Bernard', '1974-08-28', 'Nacional'),
(35, 'Maria Kenji', 'Valdes Martinez', '1974-10-17', 'Nacional'),
(36, 'Beatriz Pedro', 'Miller Rodriguez', '1974-12-06', 'Nacional'),
(37, 'Juan Constanza', 'Leroy Richard', '1975-01-25', 'Nacional'),
(38, 'Marie Ana', 'Martin Soto', '1975-03-16', 'Nacional'),
(39, 'Antonia Antonia', 'Dupont Martinez', '1975-05-05', 'Nacional'),
(40, 'Juan Jorge', 'Durand Fuentes', '1975-06-24', 'Nacional'),
(41, 'Hans John', 'Martin Richard', '1975-08-13', 'Nacional'),
(42, 'Constanza Pedro', 'Johnson Flores', '1975-10-02', 'Nacional'),
(43, 'Isidora Hans', 'Robert Dupont', '1975-11-21', 'Nacional'),
(44, 'Hans Francisco', 'Taylor Miller', '1976-01-10', 'Nacional'),
(45, 'Luis Catalina', 'Valdes Martinez', '1976-02-29', 'Nacional'),
(46, 'Luis Isidora', 'Lopez Brown', '1976-04-19', 'Nacional'),
(47, 'Jorge Diego', 'Martinez Smith', '1976-06-08', 'Nacional'),
(48, 'Valentina Hans', 'Leroy Brown', '1976-07-28', 'Nacional'),
(49, 'Ricardo Hans', 'Soto Thomas', '1976-09-16', 'Nacional'),
(50, 'Jorge Juan', 'Lopez Dubois', '1976-11-05', 'Nacional'),
(51, 'Camila Kenji', 'Miller Garcia', '1976-12-25', 'Nacional'),
(52, 'Gabriel Isidora', 'Contreras Flores', '1977-02-13', 'Nacional'),
(53, 'Martina Francesca', 'Valenzuela Brown', '1977-04-04', 'Nacional'),
(54, 'Daniela Gabriel', 'Davis Petit', '1977-05-24', 'Nacional'),
(55, 'Diego Felipe', 'Bernard Johnson', '1977-07-13', 'Nacional'),
(56, 'Beatriz Laura', 'Muñoz Rodriguez', '1977-09-01', 'Nacional'),
(57, 'Isidora Giovanni', 'Miller Fuentes', '1977-10-21', 'Nacional'),
(58, 'Martina Martina', 'Martinez Dubois', '1977-12-10', 'Nacional'),
(59, 'Antonia Helga', 'Valenzuela Flores', '1978-01-29', 'Nacional'),
(60, 'Francisca Marie', 'Gonzalez Martinez', '1978-03-20', 'Nacional'),
(61, 'Pedro Valentina', 'Castillo Valdes', '1978-05-09', 'Nacional'),
(62, 'Emily Manuel', 'Petit Morales', '1978-06-28', 'Nacional'),
(63, 'Laura Sebastian', 'Durand Muñoz', '1978-08-17', 'Nacional'),
(64, 'Giovanni Antonia', 'Rojas Miller', '1978-10-06', 'Nacional'),
(65, 'Francisco Sebastian', 'Davis Soto', '1978-11-25', 'Nacional'),
(66, 'Helga Francisco', 'Davis Diaz', '1979-01-14', 'Nacional'),
(67, 'Carlos Ana', 'Thomas Sepulveda', '1979-03-05', 'Nacional'),
(68, 'Pierre Juan', 'Perez Sepulveda', '1979-04-24', 'Nacional'),
(69, 'Hans Martina', 'Fuentes Silva', '1979-06-13', 'Nacional'),
(70, 'Luis Juan', 'Silva Muñoz', '1979-08-02', 'Nacional'),
(71, 'Ana Antonia', 'Martin Lopez', '1979-09-21', 'Nacional'),
(72, 'Francesca Ricardo', 'Thomas Petit', '1979-11-10', 'Nacional'),
(73, 'Gabriel Javiera', 'Espinoza Muñoz', '1979-12-30', 'Nacional'),
(74, 'Juan Pierre', 'Garcia Dupont', '1980-02-18', 'Nacional'),
(75, 'Hans Luis', 'Dupont Johnson', '1980-04-08', 'Nacional'),
(76, 'Juan Felipe', 'Dupont Davis', '1980-05-28', 'Nacional'),
(77, 'Ricardo Francisca', 'Martinez Contreras', '1980-07-17', 'Nacional'),
(78, 'Kenji John', 'Valenzuela Castillo', '1980-09-05', 'Nacional'),
(79, 'Camila Constanza', 'Petit Valdes', '1980-10-25', 'Nacional'),
(80, 'Giovanni Helga', 'Robert Wilson', '1980-12-14', 'Nacional'),
(81, 'Carlos Catalina', 'Flores Taylor', '1981-02-02', 'Nacional'),
(82, 'Jorge Laura', 'Davis Petit', '1981-03-24', 'Nacional'),
(83, 'Pierre Pierre', 'Morales Martinez', '1981-05-13', 'Nacional'),
(84, 'Emily John', 'Lopez Morales', '1981-07-02', 'Nacional'),
(85, 'Felipe Javiera', 'Dubois Robert', '1981-08-21', 'Nacional'),
(86, 'Giovanni Maria', 'Silva Bernard', '1981-10-10', 'Nacional'),
(87, 'Ricardo Valentina', 'Robert Diaz', '1981-11-29', 'Nacional'),
(88, 'Catalina Carlos', 'Petit Martinez', '1982-01-18', 'Nacional'),
(89, 'Francesca Ana', 'Durand Wilson', '1982-03-09', 'Nacional'),
(90, 'Marie Carlos', 'Diaz Fuentes', '1982-04-28', 'Nacional'),
(91, 'Pierre Camila', 'Perez Robert', '1982-06-17', 'Nacional'),
(92, 'Kenji Sakura', 'Rodriguez Johnson', '1982-08-06', 'Nacional'),
(93, 'Camila Gabriel', 'Martin Fuentes', '1982-09-25', 'Nacional'),
(94, 'Pierre Constanza', 'Rodriguez Martin', '1982-11-14', 'Nacional'),
(95, 'Luis Helga', 'Robert Dubois', '1983-01-03', 'Nacional'),
(96, 'Kenji Isidora', 'Thomas Smith', '1983-02-22', 'Nacional'),
(97, 'Francisca Isidora', 'Diaz Castillo', '1983-04-13', 'Nacional'),
(98, 'Daniela Hans', 'Rodriguez Flores', '1983-06-02', 'Nacional'),
(99, 'Francisco Pierre', 'Martinez Leroy', '1983-07-22', 'Nacional'),
(100, 'Felipe Jose', 'Johnson Thomas', '1983-09-10', 'Nacional'),
(101, 'Helga Ricardo', 'Durand Morales', '1983-10-30', 'Nacional'),
(102, 'Isidora Francisca', 'Smith Durand', '1983-12-19', 'Nacional'),
(103, 'Ana Helga', 'Lopez Petit', '1984-02-07', 'Nacional'),
(104, 'Marie Francesca', 'Durand Martin', '1984-03-28', 'Nacional'),
(105, 'Jose Martina', 'Diaz Dupont', '1984-05-17', 'Nacional'),
(106, 'Francesca Marie', 'Gonzalez Soto', '1984-07-06', 'Nacional'),
(107, 'Sebastian Sebastian', 'Thomas Diaz', '1984-08-25', 'Nacional'),
(108, 'Hans Manuel', 'Lopez Robert', '1984-10-14', 'Nacional'),
(109, 'Marie Francisca', 'Rodriguez Perez', '1984-12-03', 'Nacional'),
(110, 'Sofia Jose', 'Fuentes Dubois', '1985-01-22', 'Nacional'),
(111, 'Marie Francesca', 'Dupont Wilson', '1985-03-13', 'Internacional'),
(112, 'Isidora Sofia', 'Bernard Thomas', '1985-05-02', 'Internacional'),
(113, 'Maria Francesca', 'Castillo Taylor', '1985-06-21', 'Internacional'),
(114, 'Valentina Constanza', 'Valdes Robert', '1985-08-10', 'Internacional'),
(115, 'Daniela Valentina', 'Rojas Robert', '1985-09-29', 'Internacional'),
(116, 'Gabriel Carlos', 'Contreras Fuentes', '1985-11-18', 'Internacional'),
(117, 'Sofia Helga', 'Silva Miller', '1986-01-07', 'Internacional'),
(118, 'Ricardo Beatriz', 'Gonzalez Durand', '1986-02-26', 'Internacional'),
(119, 'Camila Marie', 'Muñoz Petit', '1986-04-17', 'Internacional'),
(120, 'Ana Andres', 'Miller Gonzalez', '1986-06-06', 'Internacional'),
(121, 'John Francisca', 'Davis Miller', '1986-07-26', 'Internacional'),
(122, 'Catalina Claudio', 'Taylor Sepulveda', '1986-09-14', 'Internacional'),
(123, 'Isidora Sakura', 'Morales Valenzuela', '1986-11-03', 'Internacional'),
(124, 'Giovanni Javiera', 'Rojas Taylor', '1986-12-23', 'Internacional'),
(125, 'Constanza Felipe', 'Martinez Espinoza', '1987-02-11', 'Internacional'),
(126, 'Sebastian Jorge', 'Araya Diaz', '1987-04-02', 'Internacional'),
(127, 'Diego Marie', 'Brown Silva', '1987-05-22', 'Internacional'),
(128, 'Francisco Valentina', 'Miller Dupont', '1987-07-11', 'Internacional'),
(129, 'Luis Giovanni', 'Martinez Martinez', '1987-08-30', 'Internacional'),
(130, 'Jorge Diego', 'Muñoz Soto', '1987-10-19', 'Internacional'),
(131, 'Isidora Juan', 'Contreras Johnson', '1987-12-08', 'Internacional'),
(132, 'Helga Valentina', 'Taylor Durand', '1988-01-27', 'Internacional'),
(133, 'Sakura Sakura', 'Martinez Rojas', '1988-03-17', 'Internacional'),
(134, 'Beatriz Antonia', 'Flores Espinoza', '1988-05-06', 'Internacional'),
(135, 'Hans Giovanni', 'Leroy Miller', '1988-06-25', 'Internacional'),
(136, 'Francisco Helga', 'Martinez Morales', '1988-08-14', 'Internacional'),
(137, 'Juan Carlos', 'Garcia Sepulveda', '1988-10-03', 'Internacional'),
(138, 'Isidora Isidora', 'Petit Petit', '1988-11-22', 'Internacional'),
(139, 'Andres Andres', 'Valenzuela Rodriguez', '1989-01-11', 'Internacional'),
(140, 'Carlos Sakura', 'Richard Castillo', '1989-03-02', 'Internacional'),
(141, 'Beatriz Juan', 'Petit Valenzuela', '1989-04-21', 'Internacional'),
(142, 'Martina Francesca', 'Taylor Morales', '1989-06-10', 'Internacional'),
(143, 'Antonia Antonia', 'Wilson Soto', '1989-07-30', 'Internacional'),
(144, 'Juan Daniela', 'Wilson Garcia', '1989-09-18', 'Internacional'),
(145, 'Francisco Giovanni', 'Robert Brown', '1989-11-07', 'Internacional'),
(146, 'Camila Kenji', 'Martinez Diaz', '1989-12-27', 'Internacional'),
(147, 'Jorge Pedro', 'Thomas Durand', '1990-02-15', 'Internacional'),
(148, 'Ana Isidora', 'Johnson Silva', '1990-04-06', 'Internacional'),
(149, 'Felipe Martina', 'Flores Gonzalez', '1990-05-26', 'Internacional'),
(150, 'Francesca Antonia', 'Flores Silva', '1990-07-15', 'Internacional'),
(151, 'Juan Francisco', 'Rojas Lopez', '1990-09-03', 'Internacional'),
(152, 'Sebastian Beatriz', 'Dupont Soto', '1990-10-23', 'Internacional'),
(153, 'Maria Emily', 'Rodriguez Valdes', '1990-12-12', 'Internacional'),
(154, 'Marie Valentina', 'Lopez Rodriguez', '1991-01-31', 'Internacional'),
(155, 'Manuel Daniela', 'Dubois Muñoz', '1991-03-22', 'Internacional'),
(156, 'Kenji Helga', 'Petit Soto', '1991-05-11', 'Internacional'),
(157, 'Isidora Andres', 'Espinoza Richard', '1991-06-30', 'Internacional'),
(158, 'Ricardo Martina', 'Garcia Fuentes', '1991-08-19', 'Internacional'),
(159, 'Francisco Ana', 'Silva Robert', '1991-10-08', 'Internacional'),
(160, 'Daniela Javiera', 'Rojas Wilson', '1991-11-27', 'Internacional'),
(161, 'Jorge Giovanni', 'Brown Soto', '1992-01-16', 'Internacional'),
(162, 'Javiera Manuel', 'Contreras Richard', '1992-03-06', 'Internacional'),
(163, 'Catalina Camila', 'Smith Lopez', '1992-04-25', 'Internacional'),
(164, 'Felipe Constanza', 'Morales Soto', '1992-06-14', 'Internacional'),
(165, 'Diego Helga', 'Perez Valdes', '1992-08-03', 'Internacional'),
(166, 'Giovanni Beatriz', 'Valenzuela Richard', '1992-09-22', 'Internacional'),
(167, 'Ana Daniela', 'Brown Richard', '1992-11-11', 'Internacional'),
(168, 'Javiera Catalina', 'Morales Rojas', '1992-12-31', 'Internacional'),
(169, 'Ana Diego', 'Martinez Thomas', '1993-02-19', 'Internacional'),
(170, 'Luis Ricardo', 'Valenzuela Dubois', '1993-04-10', 'Internacional'),
(171, 'Luis Ana', 'Martinez Contreras', '1993-05-30', 'Internacional'),
(172, 'Javiera Luis', 'Martinez Richard', '1993-07-19', 'Internacional'),
(173, 'Hans Francesca', 'Taylor Silva', '1993-09-07', 'Internacional'),
(174, 'Sebastian Francisco', 'Dupont Rojas', '1993-10-27', 'Internacional'),
(175, 'Daniela Valentina', 'Bernard Araya', '1993-12-16', 'Internacional'),
(176, 'Marie Kenji', 'Brown Johnson', '1994-02-04', 'Internacional'),
(177, 'Catalina Jose', 'Rodriguez Martin', '1994-03-26', 'Internacional'),
(178, 'Laura Ricardo', 'Valenzuela Valenzuela', '1994-05-15', 'Internacional'),
(179, 'Ana Giovanni', 'Lopez Brown', '1994-07-04', 'Internacional'),
(180, 'Andres Camila', 'Martin Miller', '1994-08-23', 'Internacional'),
(181, 'Andres Antonia', 'Petit Castillo', '1994-10-12', 'Internacional'),
(182, 'Diego Giovanni', 'Sepulveda Brown', '1994-12-01', 'Internacional'),
(183, 'Camila Felipe', 'Flores Garcia', '1995-01-20', 'Internacional'),
(184, 'Luis Sofia', 'Martin Johnson', '1995-03-11', 'Internacional'),
(185, 'Hans Catalina', 'Diaz Castillo', '1995-04-30', 'Internacional'),
(186, 'Diego Isidora', 'Martin Castillo', '1995-06-19', 'Internacional'),
(187, 'Andres Luis', 'Martinez Sepulveda', '1995-08-08', 'Internacional'),
(188, 'Francesca Juan', 'Espinoza Thomas', '1995-09-27', 'Internacional'),
(189, 'Juan Claudio', 'Taylor Araya', '1995-11-16', 'Internacional'),
(190, 'Jose Emily', 'Lopez Valdes', '1996-01-05', 'Internacional'),
(191, 'Juan Francesca', 'Rodriguez Valenzuela', '1996-02-24', 'Internacional'),
(192, 'Helga Felipe', 'Johnson Johnson', '1996-04-14', 'Internacional'),
(193, 'Diego Isidora', 'Diaz Contreras', '1996-06-03', 'Internacional'),
(194, 'Gabriel Beatriz', 'Perez Lopez', '1996-07-23', 'Internacional'),
(195, 'Catalina Kenji', 'Bernard Robert', '1996-09-11', 'Internacional'),
(196, 'Maria Constanza', 'Martinez Rojas', '1996-10-31', 'Internacional'),
(197, 'Carlos Javiera', 'Durand Muñoz', '1996-12-20', 'Internacional'),
(198, 'Martina Sofia', 'Soto Martin', '1997-02-08', 'Internacional'),
(199, 'Francesca Emily', 'Petit Taylor', '1997-03-30', 'Internacional'),
(200, 'Antonia Marie', 'Valenzuela Thomas', '1997-05-19', 'Internacional'),
(201, 'Camila Isidora', 'Garcia Bernard', '1997-07-08', 'Internacional'),
(202, 'Pedro Daniela', 'Lopez Richard', '1997-08-27', 'Internacional'),
(203, 'Sakura Jose', 'Morales Miller', '1997-10-16', 'Internacional'),
(204, 'Claudio Juan', 'Davis Smith', '1997-12-05', 'Internacional'),
(205, 'Antonia Jose', 'Petit Rodriguez', '1998-01-24', 'Internacional'),
(206, 'Hans Jorge', 'Leroy Durand', '1998-03-15', 'Internacional'),
(207, 'Gabriel Maria', 'Silva Petit', '1998-05-04', 'Internacional'),
(208, 'Claudio Francisco', 'Gonzalez Araya', '1998-06-23', 'Internacional'),
(209, 'Catalina Manuel', 'Brown Flores', '1998-08-12', 'Internacional'),
(210, 'Ricardo Giovanni', 'Johnson Wilson', '1998-10-01', 'Internacional'),
(211, 'Valentina Diego', 'Robert Valenzuela', '1998-11-20', 'Internacional'),
(212, 'Claudio Pedro', 'Valenzuela Martinez', '1999-01-09', 'Internacional'),
(213, 'Pedro Helga', 'Taylor Espinoza', '1999-02-28', 'Internacional'),
(214, 'Pedro Valentina', 'Muñoz Wilson', '1999-04-19', 'Internacional'),
(215, 'Manuel Isidora', 'Robert Dupont', '1999-06-08', 'Internacional'),
(216, 'Sebastian Marie', 'Johnson Valdes', '1999-07-28', 'Internacional'),
(217, 'Kenji Carlos', 'Brown Sepulveda', '1999-09-16', 'Internacional'),
(218, 'Claudio Camila', 'Miller Silva', '1999-11-05', 'Internacional'),
(219, 'Diego Javiera', 'Castillo Contreras', '1999-12-25', 'Internacional'),
(220, 'Jorge Constanza', 'Valenzuela Valenzuela', '2000-02-13', 'Internacional');

-- Inserción en CLIENTE_NACIONAL (110 registros)
INSERT INTO CLIENTE_NACIONAL (id_cliente, rut) VALUES
(1, '10000001-6'),
(2, '10000002-4'),
(3, '10000003-2'),
(4, '10000004-0'),
(5, '10000005-9'),
(6, '10000006-7'),
(7, '10000007-5'),
(8, '10000008-3'),
(9, '10000009-1'),
(10, '10000010-5'),
(11, '10000011-3'),
(12, '10000012-1'),
(13, '10000013-K'),
(14, '10000014-8'),
(15, '10000015-6'),
(16, '10000016-4'),
(17, '10000017-2'),
(18, '10000018-0'),
(19, '10000019-9'),
(20, '10000020-2'),
(21, '10000021-0'),
(22, '10000022-9'),
(23, '10000023-7'),
(24, '10000024-5'),
(25, '10000025-3'),
(26, '10000026-1'),
(27, '10000027-K'),
(28, '10000028-8'),
(29, '10000029-6'),
(30, '10000030-K'),
(31, '10000031-8'),
(32, '10000032-6'),
(33, '10000033-4'),
(34, '10000034-2'),
(35, '10000035-0'),
(36, '10000036-9'),
(37, '10000037-7'),
(38, '10000038-5'),
(39, '10000039-3'),
(40, '10000040-7'),
(41, '10000041-5'),
(42, '10000042-3'),
(43, '10000043-1'),
(44, '10000044-K'),
(45, '10000045-8'),
(46, '10000046-6'),
(47, '10000047-4'),
(48, '10000048-2'),
(49, '10000049-0'),
(50, '10000050-4'),
(51, '10000051-2'),
(52, '10000052-0'),
(53, '10000053-9'),
(54, '10000054-7'),
(55, '10000055-5'),
(56, '10000056-3'),
(57, '10000057-1'),
(58, '10000058-K'),
(59, '10000059-8'),
(60, '10000060-1'),
(61, '10000061-K'),
(62, '10000062-8'),
(63, '10000063-6'),
(64, '10000064-4'),
(65, '10000065-2'),
(66, '10000066-0'),
(67, '10000067-9'),
(68, '10000068-7'),
(69, '10000069-5'),
(70, '10000070-9'),
(71, '10000071-7'),
(72, '10000072-5'),
(73, '10000073-3'),
(74, '10000074-1'),
(75, '10000075-K'),
(76, '10000076-8'),
(77, '10000077-6'),
(78, '10000078-4'),
(79, '10000079-2'),
(80, '10000080-6'),
(81, '10000081-4'),
(82, '10000082-2'),
(83, '10000083-0'),
(84, '10000084-9'),
(85, '10000085-7'),
(86, '10000086-5'),
(87, '10000087-3'),
(88, '10000088-1'),
(89, '10000089-K'),
(90, '10000090-3'),
(91, '10000091-1'),
(92, '10000092-K'),
(93, '10000093-8'),
(94, '10000094-6'),
(95, '10000095-4'),
(96, '10000096-2'),
(97, '10000097-0'),
(98, '10000098-9'),
(99, '10000099-7'),
(100, '10000100-4'),
(101, '10000101-2'),
(102, '10000102-0'),
(103, '10000103-9'),
(104, '10000104-7'),
(105, '10000105-5'),
(106, '10000106-3'),
(107, '10000107-1'),
(108, '10000108-K'),
(109, '10000109-8'),
(110, '10000110-1');

-- Inserción en CLIENTE_INTERNACIONAL (110 registros)
INSERT INTO CLIENTE_INTERNACIONAL (id_cliente, pasaporte, nacionalidad) VALUES
(111, 'PA0000111', 'Canadá'),
(112, 'PA0000112', 'Canadá'),
(113, 'PA0000113', 'Estados Unidos'),
(114, 'PA0000114', 'Estados Unidos'),
(115, 'PA0000115', 'Francia'),
(116, 'PA0000116', 'Reino Unido'),
(117, 'PA0000117', 'Alemania'),
(118, 'PA0000118', 'Italia'),
(119, 'PA0000119', 'Brasil'),
(120, 'PA0000120', 'Alemania'),
(121, 'PA0000121', 'Japón'),
(122, 'PA0000122', 'Italia'),
(123, 'PA0000123', 'Japón'),
(124, 'PA0000124', 'Canadá'),
(125, 'PA0000125', 'Alemania'),
(126, 'PA0000126', 'Italia'),
(127, 'PA0000127', 'Estados Unidos'),
(128, 'PA0000128', 'Francia'),
(129, 'PA0000129', 'Brasil'),
(130, 'PA0000130', 'Alemania'),
(131, 'PA0000131', 'Japón'),
(132, 'PA0000132', 'Reino Unido'),
(133, 'PA0000133', 'Francia'),
(134, 'PA0000134', 'Canadá'),
(135, 'PA0000135', 'Japón'),
(136, 'PA0000136', 'Japón'),
(137, 'PA0000137', 'Canadá'),
(138, 'PA0000138', 'Francia'),
(139, 'PA0000139', 'Italia'),
(140, 'PA0000140', 'Canadá'),
(141, 'PA0000141', 'Brasil'),
(142, 'PA0000142', 'Francia'),
(143, 'PA0000143', 'Alemania'),
(144, 'PA0000144', 'Canadá'),
(145, 'PA0000145', 'Canadá'),
(146, 'PA0000146', 'Estados Unidos'),
(147, 'PA0000147', 'Estados Unidos'),
(148, 'PA0000148', 'Reino Unido'),
(149, 'PA0000149', 'Japón'),
(150, 'PA0000150', 'Japón'),
(151, 'PA0000151', 'Italia'),
(152, 'PA0000152', 'Italia'),
(153, 'PA0000153', 'Brasil'),
(154, 'PA0000154', 'Italia'),
(155, 'PA0000155', 'Francia'),
(156, 'PA0000156', 'Estados Unidos'),
(157, 'PA0000157', 'Canadá'),
(158, 'PA0000158', 'Italia'),
(159, 'PA0000159', 'Brasil'),
(160, 'PA0000160', 'Francia'),
(161, 'PA0000161', 'Japón'),
(162, 'PA0000162', 'Alemania'),
(163, 'PA0000163', 'Francia'),
(164, 'PA0000164', 'España'),
(165, 'PA0000165', 'Japón'),
(166, 'PA0000166', 'Argentina'),
(167, 'PA0000167', 'Francia'),
(168, 'PA0000168', 'Italia'),
(169, 'PA0000169', 'Canadá'),
(170, 'PA0000170', 'Japón'),
(171, 'PA0000171', 'Estados Unidos'),
(172, 'PA0000172', 'Japón'),
(173, 'PA0000173', 'Italia'),
(174, 'PA0000174', 'Estados Unidos'),
(175, 'PA0000175', 'Japón'),
(176, 'PA0000176', 'Italia'),
(177, 'PA0000177', 'Francia'),
(178, 'PA0000178', 'Reino Unido'),
(179, 'PA0000179', 'Japón'),
(180, 'PA0000180', 'Brasil'),
(181, 'PA0000181', 'Canadá'),
(182, 'PA0000182', 'Reino Unido'),
(183, 'PA0000183', 'Francia'),
(184, 'PA0000184', 'Italia'),
(185, 'PA0000185', 'Canadá'),
(186, 'PA0000186', 'Canadá'),
(187, 'PA0000187', 'Brasil'),
(188, 'PA0000188', 'Francia'),
(189, 'PA0000189', 'Japón'),
(190, 'PA0000190', 'Brasil'),
(191, 'PA0000191', 'Alemania'),
(192, 'PA0000192', 'Brasil'),
(193, 'PA0000193', 'Estados Unidos'),
(194, 'PA0000194', 'Reino Unido'),
(195, 'PA0000195', 'España'),
(196, 'PA0000196', 'Francia'),
(197, 'PA0000197', 'Alemania'),
(198, 'PA0000198', 'Estados Unidos'),
(199, 'PA0000199', 'Estados Unidos'),
(200, 'PA0000200', 'España'),
(201, 'PA0000201', 'España'),
(202, 'PA0000202', 'Francia'),
(203, 'PA0000203', 'Japón'),
(204, 'PA0000204', 'Italia'),
(205, 'PA0000205', 'Italia'),
(206, 'PA0000206', 'España'),
(207, 'PA0000207', 'Argentina'),
(208, 'PA0000208', 'Argentina'),
(209, 'PA0000209', 'Canadá'),
(210, 'PA0000210', 'Brasil'),
(211, 'PA0000211', 'Estados Unidos'),
(212, 'PA0000212', 'Canadá'),
(213, 'PA0000213', 'Brasil'),
(214, 'PA0000214', 'Argentina'),
(215, 'PA0000215', 'Argentina'),
(216, 'PA0000216', 'Italia'),
(217, 'PA0000217', 'Canadá'),
(218, 'PA0000218', 'Italia'),
(219, 'PA0000219', 'Francia'),
(220, 'PA0000220', 'España');

-- Inserción en CONTACTO_CLIENTE (220 registros)
INSERT INTO CONTACTO_CLIENTE (id_cliente, tipo, valor) VALUES
(1, 'Correo', 'cliente_1@correo.com'),
(2, 'Telefono', '+56990000002'),
(3, 'Correo', 'cliente_3@correo.com'),
(4, 'Telefono', '+56990000004'),
(5, 'Correo', 'cliente_5@correo.com'),
(6, 'Telefono', '+56990000006'),
(7, 'Correo', 'cliente_7@correo.com'),
(8, 'Telefono', '+56990000008'),
(9, 'Correo', 'cliente_9@correo.com'),
(10, 'Telefono', '+56990000010'),
(11, 'Correo', 'cliente_11@correo.com'),
(12, 'Telefono', '+56990000012'),
(13, 'Correo', 'cliente_13@correo.com'),
(14, 'Telefono', '+56990000014'),
(15, 'Correo', 'cliente_15@correo.com'),
(16, 'Telefono', '+56990000016'),
(17, 'Correo', 'cliente_17@correo.com'),
(18, 'Telefono', '+56990000018'),
(19, 'Correo', 'cliente_19@correo.com'),
(20, 'Telefono', '+56990000020'),
(21, 'Correo', 'cliente_21@correo.com'),
(22, 'Telefono', '+56990000022'),
(23, 'Correo', 'cliente_23@correo.com'),
(24, 'Telefono', '+56990000024'),
(25, 'Correo', 'cliente_25@correo.com'),
(26, 'Telefono', '+56990000026'),
(27, 'Correo', 'cliente_27@correo.com'),
(28, 'Telefono', '+56990000028'),
(29, 'Correo', 'cliente_29@correo.com'),
(30, 'Telefono', '+56990000030'),
(31, 'Correo', 'cliente_31@correo.com'),
(32, 'Telefono', '+56990000032'),
(33, 'Correo', 'cliente_33@correo.com'),
(34, 'Telefono', '+56990000034'),
(35, 'Correo', 'cliente_35@correo.com'),
(36, 'Telefono', '+56990000036'),
(37, 'Correo', 'cliente_37@correo.com'),
(38, 'Telefono', '+56990000038'),
(39, 'Correo', 'cliente_39@correo.com'),
(40, 'Telefono', '+56990000040'),
(41, 'Correo', 'cliente_41@correo.com'),
(42, 'Telefono', '+56990000042'),
(43, 'Correo', 'cliente_43@correo.com'),
(44, 'Telefono', '+56990000044'),
(45, 'Correo', 'cliente_45@correo.com'),
(46, 'Telefono', '+56990000046'),
(47, 'Correo', 'cliente_47@correo.com'),
(48, 'Telefono', '+56990000048'),
(49, 'Correo', 'cliente_49@correo.com'),
(50, 'Telefono', '+56990000050'),
(51, 'Correo', 'cliente_51@correo.com'),
(52, 'Telefono', '+56990000052'),
(53, 'Correo', 'cliente_53@correo.com'),
(54, 'Telefono', '+56990000054'),
(55, 'Correo', 'cliente_55@correo.com'),
(56, 'Telefono', '+56990000056'),
(57, 'Correo', 'cliente_57@correo.com'),
(58, 'Telefono', '+56990000058'),
(59, 'Correo', 'cliente_59@correo.com'),
(60, 'Telefono', '+56990000060'),
(61, 'Correo', 'cliente_61@correo.com'),
(62, 'Telefono', '+56990000062'),
(63, 'Correo', 'cliente_63@correo.com'),
(64, 'Telefono', '+56990000064'),
(65, 'Correo', 'cliente_65@correo.com'),
(66, 'Telefono', '+56990000066'),
(67, 'Correo', 'cliente_67@correo.com'),
(68, 'Telefono', '+56990000068'),
(69, 'Correo', 'cliente_69@correo.com'),
(70, 'Telefono', '+56990000070'),
(71, 'Correo', 'cliente_71@correo.com'),
(72, 'Telefono', '+56990000072'),
(73, 'Correo', 'cliente_73@correo.com'),
(74, 'Telefono', '+56990000074'),
(75, 'Correo', 'cliente_75@correo.com'),
(76, 'Telefono', '+56990000076'),
(77, 'Correo', 'cliente_77@correo.com'),
(78, 'Telefono', '+56990000078'),
(79, 'Correo', 'cliente_79@correo.com'),
(80, 'Telefono', '+56990000080'),
(81, 'Correo', 'cliente_81@correo.com'),
(82, 'Telefono', '+56990000082'),
(83, 'Correo', 'cliente_83@correo.com'),
(84, 'Telefono', '+56990000084'),
(85, 'Correo', 'cliente_85@correo.com'),
(86, 'Telefono', '+56990000086'),
(87, 'Correo', 'cliente_87@correo.com'),
(88, 'Telefono', '+56990000088'),
(89, 'Correo', 'cliente_89@correo.com'),
(90, 'Telefono', '+56990000090'),
(91, 'Correo', 'cliente_91@correo.com'),
(92, 'Telefono', '+56990000092'),
(93, 'Correo', 'cliente_93@correo.com'),
(94, 'Telefono', '+56990000094'),
(95, 'Correo', 'cliente_95@correo.com'),
(96, 'Telefono', '+56990000096'),
(97, 'Correo', 'cliente_97@correo.com'),
(98, 'Telefono', '+56990000098'),
(99, 'Correo', 'cliente_99@correo.com'),
(100, 'Telefono', '+56990000100'),
(101, 'Correo', 'cliente_101@correo.com'),
(102, 'Telefono', '+56990000102'),
(103, 'Correo', 'cliente_103@correo.com'),
(104, 'Telefono', '+56990000104'),
(105, 'Correo', 'cliente_105@correo.com'),
(106, 'Telefono', '+56990000106'),
(107, 'Correo', 'cliente_107@correo.com'),
(108, 'Telefono', '+56990000108'),
(109, 'Correo', 'cliente_109@correo.com'),
(110, 'Telefono', '+56990000110'),
(111, 'Correo', 'cliente_111@correo.com'),
(112, 'Telefono', '+56990000112'),
(113, 'Correo', 'cliente_113@correo.com'),
(114, 'Telefono', '+56990000114'),
(115, 'Correo', 'cliente_115@correo.com'),
(116, 'Telefono', '+56990000116'),
(117, 'Correo', 'cliente_117@correo.com'),
(118, 'Telefono', '+56990000118'),
(119, 'Correo', 'cliente_119@correo.com'),
(120, 'Telefono', '+56990000120'),
(121, 'Correo', 'cliente_121@correo.com'),
(122, 'Telefono', '+56990000122'),
(123, 'Correo', 'cliente_123@correo.com'),
(124, 'Telefono', '+56990000124'),
(125, 'Correo', 'cliente_125@correo.com'),
(126, 'Telefono', '+56990000126'),
(127, 'Correo', 'cliente_127@correo.com'),
(128, 'Telefono', '+56990000128'),
(129, 'Correo', 'cliente_129@correo.com'),
(130, 'Telefono', '+56990000130'),
(131, 'Correo', 'cliente_131@correo.com'),
(132, 'Telefono', '+56990000132'),
(133, 'Correo', 'cliente_133@correo.com'),
(134, 'Telefono', '+56990000134'),
(135, 'Correo', 'cliente_135@correo.com'),
(136, 'Telefono', '+56990000136'),
(137, 'Correo', 'cliente_137@correo.com'),
(138, 'Telefono', '+56990000138'),
(139, 'Correo', 'cliente_139@correo.com'),
(140, 'Telefono', '+56990000140'),
(141, 'Correo', 'cliente_141@correo.com'),
(142, 'Telefono', '+56990000142'),
(143, 'Correo', 'cliente_143@correo.com'),
(144, 'Telefono', '+56990000144'),
(145, 'Correo', 'cliente_145@correo.com'),
(146, 'Telefono', '+56990000146'),
(147, 'Correo', 'cliente_147@correo.com'),
(148, 'Telefono', '+56990000148'),
(149, 'Correo', 'cliente_149@correo.com'),
(150, 'Telefono', '+56990000150'),
(151, 'Correo', 'cliente_151@correo.com'),
(152, 'Telefono', '+56990000152'),
(153, 'Correo', 'cliente_153@correo.com'),
(154, 'Telefono', '+56990000154'),
(155, 'Correo', 'cliente_155@correo.com'),
(156, 'Telefono', '+56990000156'),
(157, 'Correo', 'cliente_157@correo.com'),
(158, 'Telefono', '+56990000158'),
(159, 'Correo', 'cliente_159@correo.com'),
(160, 'Telefono', '+56990000160'),
(161, 'Correo', 'cliente_161@correo.com'),
(162, 'Telefono', '+56990000162'),
(163, 'Correo', 'cliente_163@correo.com'),
(164, 'Telefono', '+56990000164'),
(165, 'Correo', 'cliente_165@correo.com'),
(166, 'Telefono', '+56990000166'),
(167, 'Correo', 'cliente_167@correo.com'),
(168, 'Telefono', '+56990000168'),
(169, 'Correo', 'cliente_169@correo.com'),
(170, 'Telefono', '+56990000170'),
(171, 'Correo', 'cliente_171@correo.com'),
(172, 'Telefono', '+56990000172'),
(173, 'Correo', 'cliente_173@correo.com'),
(174, 'Telefono', '+56990000174'),
(175, 'Correo', 'cliente_175@correo.com'),
(176, 'Telefono', '+56990000176'),
(177, 'Correo', 'cliente_177@correo.com'),
(178, 'Telefono', '+56990000178'),
(179, 'Correo', 'cliente_179@correo.com'),
(180, 'Telefono', '+56990000180'),
(181, 'Correo', 'cliente_181@correo.com'),
(182, 'Telefono', '+56990000182'),
(183, 'Correo', 'cliente_183@correo.com'),
(184, 'Telefono', '+56990000184'),
(185, 'Correo', 'cliente_185@correo.com'),
(186, 'Telefono', '+56990000186'),
(187, 'Correo', 'cliente_187@correo.com'),
(188, 'Telefono', '+56990000188'),
(189, 'Correo', 'cliente_189@correo.com'),
(190, 'Telefono', '+56990000190'),
(191, 'Correo', 'cliente_191@correo.com'),
(192, 'Telefono', '+56990000192'),
(193, 'Correo', 'cliente_193@correo.com'),
(194, 'Telefono', '+56990000194'),
(195, 'Correo', 'cliente_195@correo.com'),
(196, 'Telefono', '+56990000196'),
(197, 'Correo', 'cliente_197@correo.com'),
(198, 'Telefono', '+56990000198'),
(199, 'Correo', 'cliente_199@correo.com'),
(200, 'Telefono', '+56990000200'),
(201, 'Correo', 'cliente_201@correo.com'),
(202, 'Telefono', '+56990000202'),
(203, 'Correo', 'cliente_203@correo.com'),
(204, 'Telefono', '+56990000204'),
(205, 'Correo', 'cliente_205@correo.com'),
(206, 'Telefono', '+56990000206'),
(207, 'Correo', 'cliente_207@correo.com'),
(208, 'Telefono', '+56990000208'),
(209, 'Correo', 'cliente_209@correo.com'),
(210, 'Telefono', '+56990000210'),
(211, 'Correo', 'cliente_211@correo.com'),
(212, 'Telefono', '+56990000212'),
(213, 'Correo', 'cliente_213@correo.com'),
(214, 'Telefono', '+56990000214'),
(215, 'Correo', 'cliente_215@correo.com'),
(216, 'Telefono', '+56990000216'),
(217, 'Correo', 'cliente_217@correo.com'),
(218, 'Telefono', '+56990000218'),
(219, 'Correo', 'cliente_219@correo.com'),
(220, 'Telefono', '+56990000220');

-- Inserción en DESCUENTO (110 registros)
INSERT INTO DESCUENTO (id_descuento, codigo, porcentaje, fecha_venc, estado) VALUES
(1, 'DESC001PROMO', 10.0, '2027-12-28', 'Activo'),
(2, 'DESC002PROMO', 5.0, '2027-12-25', 'Activo'),
(3, 'DESC003PROMO', 30.0, '2027-12-22', 'Activo'),
(4, 'DESC004PROMO', 15.0, '2027-12-19', 'Activo'),
(5, 'DESC005PROMO', 25.0, '2027-12-16', 'Activo'),
(6, 'DESC006PROMO', 25.0, '2027-12-13', 'Activo'),
(7, 'DESC007PROMO', 50.0, '2027-12-10', 'Activo'),
(8, 'DESC008PROMO', 10.0, '2027-12-07', 'Activo'),
(9, 'DESC009PROMO', 10.0, '2027-12-04', 'Activo'),
(10, 'DESC010PROMO', 10.0, '2027-12-01', 'Inactivo'),
(11, 'DESC011PROMO', 10.0, '2027-11-28', 'Activo'),
(12, 'DESC012PROMO', 15.0, '2027-11-25', 'Activo'),
(13, 'DESC013PROMO', 15.0, '2027-11-22', 'Activo'),
(14, 'DESC014PROMO', 20.0, '2027-11-19', 'Activo'),
(15, 'DESC015PROMO', 20.0, '2027-11-16', 'Activo'),
(16, 'DESC016PROMO', 20.0, '2027-11-13', 'Activo'),
(17, 'DESC017PROMO', 5.0, '2027-11-10', 'Activo'),
(18, 'DESC018PROMO', 10.0, '2027-11-07', 'Activo'),
(19, 'DESC019PROMO', 30.0, '2027-11-04', 'Activo'),
(20, 'DESC020PROMO', 15.0, '2027-11-01', 'Inactivo'),
(21, 'DESC021PROMO', 30.0, '2027-10-29', 'Activo'),
(22, 'DESC022PROMO', 20.0, '2027-10-26', 'Activo'),
(23, 'DESC023PROMO', 10.0, '2027-10-23', 'Activo'),
(24, 'DESC024PROMO', 10.0, '2027-10-20', 'Activo'),
(25, 'DESC025PROMO', 10.0, '2027-10-17', 'Activo'),
(26, 'DESC026PROMO', 30.0, '2027-10-14', 'Activo'),
(27, 'DESC027PROMO', 20.0, '2027-10-11', 'Activo'),
(28, 'DESC028PROMO', 25.0, '2027-10-08', 'Activo'),
(29, 'DESC029PROMO', 50.0, '2027-10-05', 'Activo'),
(30, 'DESC030PROMO', 50.0, '2027-10-02', 'Inactivo'),
(31, 'DESC031PROMO', 25.0, '2027-09-29', 'Activo'),
(32, 'DESC032PROMO', 50.0, '2027-09-26', 'Activo'),
(33, 'DESC033PROMO', 50.0, '2027-09-23', 'Activo'),
(34, 'DESC034PROMO', 30.0, '2027-09-20', 'Activo'),
(35, 'DESC035PROMO', 20.0, '2027-09-17', 'Activo'),
(36, 'DESC036PROMO', 30.0, '2027-09-14', 'Activo'),
(37, 'DESC037PROMO', 15.0, '2027-09-11', 'Activo'),
(38, 'DESC038PROMO', 10.0, '2027-09-08', 'Activo'),
(39, 'DESC039PROMO', 30.0, '2027-09-05', 'Activo'),
(40, 'DESC040PROMO', 50.0, '2027-09-02', 'Inactivo'),
(41, 'DESC041PROMO', 15.0, '2027-08-30', 'Activo'),
(42, 'DESC042PROMO', 50.0, '2027-08-27', 'Activo'),
(43, 'DESC043PROMO', 15.0, '2027-08-24', 'Activo'),
(44, 'DESC044PROMO', 15.0, '2027-08-21', 'Activo'),
(45, 'DESC045PROMO', 30.0, '2027-08-18', 'Activo'),
(46, 'DESC046PROMO', 5.0, '2027-08-15', 'Activo'),
(47, 'DESC047PROMO', 5.0, '2027-08-12', 'Activo'),
(48, 'DESC048PROMO', 15.0, '2027-08-09', 'Activo'),
(49, 'DESC049PROMO', 25.0, '2027-08-06', 'Activo'),
(50, 'DESC050PROMO', 30.0, '2027-08-03', 'Inactivo'),
(51, 'DESC051PROMO', 25.0, '2027-07-31', 'Activo'),
(52, 'DESC052PROMO', 20.0, '2027-07-28', 'Activo'),
(53, 'DESC053PROMO', 5.0, '2027-07-25', 'Activo'),
(54, 'DESC054PROMO', 15.0, '2027-07-22', 'Activo'),
(55, 'DESC055PROMO', 15.0, '2027-07-19', 'Activo'),
(56, 'DESC056PROMO', 25.0, '2027-07-16', 'Activo'),
(57, 'DESC057PROMO', 50.0, '2027-07-13', 'Activo'),
(58, 'DESC058PROMO', 20.0, '2027-07-10', 'Activo'),
(59, 'DESC059PROMO', 50.0, '2027-07-07', 'Activo'),
(60, 'DESC060PROMO', 15.0, '2027-07-04', 'Inactivo'),
(61, 'DESC061PROMO', 30.0, '2027-07-01', 'Activo'),
(62, 'DESC062PROMO', 15.0, '2027-06-28', 'Activo'),
(63, 'DESC063PROMO', 20.0, '2027-06-25', 'Activo'),
(64, 'DESC064PROMO', 10.0, '2027-06-22', 'Activo'),
(65, 'DESC065PROMO', 10.0, '2027-06-19', 'Activo'),
(66, 'DESC066PROMO', 20.0, '2027-06-16', 'Activo'),
(67, 'DESC067PROMO', 5.0, '2027-06-13', 'Activo'),
(68, 'DESC068PROMO', 15.0, '2027-06-10', 'Activo'),
(69, 'DESC069PROMO', 15.0, '2027-06-07', 'Activo'),
(70, 'DESC070PROMO', 5.0, '2027-06-04', 'Inactivo'),
(71, 'DESC071PROMO', 50.0, '2027-06-01', 'Activo'),
(72, 'DESC072PROMO', 10.0, '2027-05-29', 'Activo'),
(73, 'DESC073PROMO', 25.0, '2027-05-26', 'Activo'),
(74, 'DESC074PROMO', 30.0, '2027-05-23', 'Activo'),
(75, 'DESC075PROMO', 25.0, '2027-05-20', 'Activo'),
(76, 'DESC076PROMO', 50.0, '2027-05-17', 'Activo'),
(77, 'DESC077PROMO', 20.0, '2027-05-14', 'Activo'),
(78, 'DESC078PROMO', 10.0, '2027-05-11', 'Activo'),
(79, 'DESC079PROMO', 20.0, '2027-05-08', 'Activo'),
(80, 'DESC080PROMO', 5.0, '2027-05-05', 'Inactivo'),
(81, 'DESC081PROMO', 50.0, '2027-05-02', 'Activo'),
(82, 'DESC082PROMO', 5.0, '2027-04-29', 'Activo'),
(83, 'DESC083PROMO', 10.0, '2027-04-26', 'Activo'),
(84, 'DESC084PROMO', 20.0, '2027-04-23', 'Activo'),
(85, 'DESC085PROMO', 25.0, '2027-04-20', 'Activo'),
(86, 'DESC086PROMO', 50.0, '2027-04-17', 'Activo'),
(87, 'DESC087PROMO', 15.0, '2027-04-14', 'Activo'),
(88, 'DESC088PROMO', 10.0, '2027-04-11', 'Activo'),
(89, 'DESC089PROMO', 15.0, '2027-04-08', 'Activo'),
(90, 'DESC090PROMO', 20.0, '2027-04-05', 'Inactivo'),
(91, 'DESC091PROMO', 30.0, '2027-04-02', 'Activo'),
(92, 'DESC092PROMO', 20.0, '2027-03-30', 'Activo'),
(93, 'DESC093PROMO', 50.0, '2027-03-27', 'Activo'),
(94, 'DESC094PROMO', 15.0, '2027-03-24', 'Activo'),
(95, 'DESC095PROMO', 10.0, '2027-03-21', 'Activo'),
(96, 'DESC096PROMO', 20.0, '2027-03-18', 'Activo'),
(97, 'DESC097PROMO', 20.0, '2027-03-15', 'Activo'),
(98, 'DESC098PROMO', 20.0, '2027-03-12', 'Activo'),
(99, 'DESC099PROMO', 25.0, '2027-03-09', 'Activo'),
(100, 'DESC100PROMO', 50.0, '2027-03-06', 'Inactivo'),
(101, 'DESC101PROMO', 30.0, '2027-03-03', 'Activo'),
(102, 'DESC102PROMO', 50.0, '2027-02-28', 'Activo'),
(103, 'DESC103PROMO', 15.0, '2027-02-25', 'Activo'),
(104, 'DESC104PROMO', 50.0, '2027-02-22', 'Activo'),
(105, 'DESC105PROMO', 10.0, '2027-02-19', 'Activo'),
(106, 'DESC106PROMO', 15.0, '2027-02-16', 'Activo'),
(107, 'DESC107PROMO', 20.0, '2027-02-13', 'Activo'),
(108, 'DESC108PROMO', 15.0, '2027-02-10', 'Activo'),
(109, 'DESC109PROMO', 50.0, '2027-02-07', 'Activo'),
(110, 'DESC110PROMO', 25.0, '2027-02-04', 'Inactivo'),
(111, 'DESC111PROMO', 10.0, '2027-02-01', 'Activo'),
(112, 'DESC112PROMO', 5.0, '2027-01-29', 'Activo'),
(113, 'DESC113PROMO', 20.0, '2027-01-26', 'Activo'),
(114, 'DESC114PROMO', 30.0, '2027-01-23', 'Activo'),
(115, 'DESC115PROMO', 50.0, '2027-01-20', 'Activo'),
(116, 'DESC116PROMO', 10.0, '2027-01-17', 'Activo'),
(117, 'DESC117PROMO', 30.0, '2027-01-14', 'Activo'),
(118, 'DESC118PROMO', 10.0, '2027-01-11', 'Activo'),
(119, 'DESC119PROMO', 20.0, '2027-01-08', 'Activo'),
(120, 'DESC120PROMO', 50.0, '2027-01-05', 'Inactivo');

-- Inserción en RESERVA (110 registros)
INSERT INTO RESERVA (id_reserva, id_cliente, id_tour, fec_reserva, cant_personas, monto_total, estado_pago, estado_reserva, asistio_tour) VALUES
(1, 138, 1, '2024-12-31 14:00:00', 2, 30000, 'Pagado', 'Finalizada', 1),
(2, 51, 2, '2025-01-07 10:00:00', 6, 120000, 'Pagado', 'Finalizada', 1),
(3, 217, 3, '2025-01-05 12:00:00', 4, 100000, 'Pagado', 'Finalizada', 1),
(4, 26, 4, '2025-01-11 16:00:00', 4, 120000, 'Pagado', 'Finalizada', 1),
(5, 108, 5, '2025-01-13 14:00:00', 3, 135000, 'Pagado', 'Finalizada', 1),
(6, 186, 6, '2025-01-16 10:00:00', 3, 180000, 'Pagado', 'Finalizada', 1),
(7, 161, 7, '2025-01-17 10:00:00', 6, 480000, 'Pagado', 'Finalizada', 1),
(8, 6, 8, '2025-01-31 14:00:00', 2, 30000, 'Pendiente', 'Cancelada', 0),
(9, 24, 9, '2025-01-31 10:00:00', 3, 60000, 'Pagado', 'Finalizada', 1),
(10, 153, 10, '2025-02-04 12:00:00', 2, 50000, 'Pagado', 'Finalizada', 1),
(11, 119, 11, '2025-02-10 14:00:00', 4, 120000, 'Pagado', 'Finalizada', 1),
(12, 69, 12, '2025-02-12 10:00:00', 4, 180000, 'Pagado', 'Finalizada', 1),
(13, 11, 13, '2025-02-14 12:00:00', 3, 180000, 'Pagado', 'Finalizada', 1),
(14, 177, 14, '2025-02-23 12:00:00', 4, 320000, 'Pagado', 'Finalizada', 1),
(15, 25, 15, '2025-02-22 12:00:00', 1, 15000, 'Pagado', 'Finalizada', 1),
(16, 48, 16, '2025-02-19 10:00:00', 5, 100000, 'Pendiente', 'Cancelada', 0),
(17, 37, 17, '2025-03-06 14:00:00', 4, 100000, 'Pagado', 'Finalizada', 1),
(18, 85, 18, '2025-03-03 16:00:00', 5, 150000, 'Pagado', 'Finalizada', 1),
(19, 170, 19, '2025-03-04 10:00:00', 6, 270000, 'Pagado', 'Finalizada', 1),
(20, 77, 20, '2025-03-18 12:00:00', 1, 60000, 'Pagado', 'Finalizada', 1),
(21, 144, 21, '2025-03-11 16:00:00', 1, 80000, 'Pagado', 'Finalizada', 1),
(22, 107, 22, '2025-03-28 10:00:00', 2, 30000, 'Pagado', 'Finalizada', 1),
(23, 43, 23, '2025-03-22 16:00:00', 2, 40000, 'Pagado', 'Finalizada', 1),
(24, 41, 24, '2025-03-24 16:00:00', 5, 125000, 'Pendiente', 'Cancelada', 0),
(25, 121, 25, '2025-04-07 12:00:00', 2, 60000, 'Pagado', 'Finalizada', 1),
(26, 31, 26, '2025-04-03 16:00:00', 3, 135000, 'Pagado', 'Finalizada', 1),
(27, 84, 27, '2025-04-06 14:00:00', 2, 120000, 'Pagado', 'Finalizada', 1),
(28, 68, 28, '2025-04-12 12:00:00', 1, 80000, 'Pagado', 'Finalizada', 1),
(29, 88, 29, '2025-04-23 12:00:00', 3, 45000, 'Pagado', 'Finalizada', 1),
(30, 217, 30, '2025-04-27 10:00:00', 4, 80000, 'Pagado', 'Finalizada', 1),
(31, 73, 31, '2025-04-24 12:00:00', 2, 50000, 'Pagado', 'Finalizada', 1),
(32, 209, 32, '2025-05-04 14:00:00', 1, 30000, 'Reembolsado', 'Cancelada', 0),
(33, 142, 33, '2025-05-01 12:00:00', 5, 225000, 'Pagado', 'Finalizada', 1),
(34, 208, 34, '2025-05-12 12:00:00', 3, 180000, 'Pagado', 'Finalizada', 1),
(35, 168, 35, '2025-05-13 10:00:00', 4, 320000, 'Pagado', 'Finalizada', 1),
(36, 142, 36, '2025-05-14 12:00:00', 6, 90000, 'Pagado', 'Finalizada', 1),
(37, 60, 37, '2025-05-17 14:00:00', 6, 120000, 'Pagado', 'Finalizada', 1),
(38, 132, 38, '2025-05-26 12:00:00', 5, 125000, 'Pagado', 'Finalizada', 1),
(39, 207, 39, '2025-05-28 10:00:00', 2, 60000, 'Pagado', 'Finalizada', 1),
(40, 174, 40, '2025-05-31 12:00:00', 5, 225000, 'Reembolsado', 'Cancelada', 0),
(41, 73, 41, '2025-06-02 12:00:00', 5, 300000, 'Pagado', 'Finalizada', 1),
(42, 200, 42, '2025-06-03 14:00:00', 3, 240000, 'Pagado', 'Finalizada', 1),
(43, 211, 43, '2025-06-07 16:00:00', 5, 75000, 'Pagado', 'Finalizada', 1),
(44, 18, 44, '2025-06-12 14:00:00', 2, 40000, 'Pagado', 'Finalizada', 1),
(45, 43, 45, '2025-06-23 16:00:00', 1, 25000, 'Pagado', 'Finalizada', 1),
(46, 52, 46, '2025-06-23 14:00:00', 6, 180000, 'Pagado', 'Finalizada', 1),
(47, 97, 47, '2025-06-29 12:00:00', 6, 270000, 'Pagado', 'Finalizada', 1),
(48, 82, 48, '2025-07-08 12:00:00', 6, 360000, 'Reembolsado', 'Cancelada', 0),
(49, 78, 49, '2025-07-09 14:00:00', 1, 80000, 'Pagado', 'Finalizada', 1),
(50, 30, 50, '2025-07-10 12:00:00', 6, 90000, 'Pagado', 'Finalizada', 1),
(51, 93, 51, '2025-07-12 16:00:00', 3, 60000, 'Pagado', 'Finalizada', 1),
(52, 25, 52, '2025-07-19 10:00:00', 4, 100000, 'Pagado', 'Finalizada', 1),
(53, 218, 53, '2025-07-22 12:00:00', 4, 120000, 'Pagado', 'Finalizada', 1),
(54, 65, 54, '2025-07-25 12:00:00', 6, 270000, 'Pagado', 'Finalizada', 1),
(55, 14, 55, '2025-07-27 14:00:00', 4, 240000, 'Pagado', 'Finalizada', 1),
(56, 189, 56, '2025-08-01 16:00:00', 5, 400000, 'Pendiente', 'Cancelada', 0),
(57, 13, 57, '2025-08-13 14:00:00', 6, 90000, 'Pagado', 'Finalizada', 1),
(58, 82, 58, '2025-08-15 12:00:00', 6, 120000, 'Pagado', 'Finalizada', 1),
(59, 8, 59, '2025-08-10 12:00:00', 5, 125000, 'Pagado', 'Finalizada', 1),
(60, 45, 60, '2025-08-26 12:00:00', 5, 150000, 'Pagado', 'Finalizada', 1),
(61, 176, 61, '2025-08-28 16:00:00', 2, 90000, 'Pagado', 'Finalizada', 1),
(62, 135, 62, '2025-08-27 10:00:00', 1, 60000, 'Pagado', 'Finalizada', 1),
(63, 218, 63, '2025-08-31 16:00:00', 3, 240000, 'Pagado', 'Finalizada', 1),
(64, 122, 64, '2025-09-10 14:00:00', 5, 75000, 'Pendiente', 'Cancelada', 0),
(65, 187, 65, '2025-09-05 14:00:00', 3, 60000, 'Pagado', 'Finalizada', 1),
(66, 75, 66, '2025-09-20 14:00:00', 5, 125000, 'Pagado', 'Finalizada', 1),
(67, 133, 67, '2025-09-12 12:00:00', 6, 180000, 'Pagado', 'Finalizada', 1),
(68, 87, 68, '2025-09-18 12:00:00', 4, 180000, 'Pagado', 'Finalizada', 1),
(69, 113, 69, '2025-09-30 14:00:00', 6, 360000, 'Pagado', 'Finalizada', 1),
(70, 120, 70, '2025-10-04 12:00:00', 5, 400000, 'Pagado', 'Finalizada', 1),
(71, 190, 71, '2025-10-02 10:00:00', 3, 45000, 'Pagado', 'Finalizada', 1),
(72, 43, 72, '2025-10-06 14:00:00', 6, 120000, 'Pendiente', 'Cancelada', 0),
(73, 142, 73, '2025-10-18 14:00:00', 5, 125000, 'Pagado', 'Finalizada', 1),
(74, 35, 74, '2025-10-22 10:00:00', 6, 180000, 'Pagado', 'Finalizada', 1),
(75, 43, 75, '2025-10-22 10:00:00', 4, 180000, 'Pagado', 'Finalizada', 1),
(76, 68, 76, '2025-10-29 10:00:00', 3, 180000, 'Pagado', 'Finalizada', 1),
(77, 35, 77, '2025-11-02 16:00:00', 6, 480000, 'Pagado', 'Finalizada', 1),
(78, 183, 78, '2025-11-01 12:00:00', 6, 90000, 'Pagado', 'Finalizada', 1),
(79, 43, 79, '2025-10-31 10:00:00', 6, 120000, 'Pagado', 'Finalizada', 1),
(80, 122, 80, '2025-11-05 14:00:00', 6, 150000, 'Pendiente', 'Cancelada', 0),
(81, 198, 81, '2025-11-08 10:00:00', 3, 90000, 'Pagado', 'Finalizada', 1),
(82, 9, 82, '2025-11-18 16:00:00', 1, 45000, 'Pagado', 'Finalizada', 1),
(83, 143, 83, '2025-11-25 12:00:00', 5, 300000, 'Pagado', 'Finalizada', 1),
(84, 67, 84, '2025-12-01 14:00:00', 4, 320000, 'Pagado', 'Finalizada', 1),
(85, 5, 85, '2025-11-25 16:00:00', 1, 15000, 'Pagado', 'Finalizada', 1),
(86, 47, 86, '2025-12-06 12:00:00', 2, 40000, 'Pagado', 'Finalizada', 1),
(87, 211, 87, '2025-12-01 14:00:00', 6, 150000, 'Pagado', 'Finalizada', 1),
(88, 80, 88, '2025-12-09 10:00:00', 5, 150000, 'Pendiente', 'Cancelada', 0),
(89, 4, 89, '2025-12-08 12:00:00', 5, 225000, 'Pagado', 'Finalizada', 1),
(90, 185, 90, '2025-12-24 10:00:00', 3, 180000, 'Pagado', 'Finalizada', 1),
(91, 24, 91, '2025-12-23 10:00:00', 6, 480000, 'Pagado', 'Finalizada', 1),
(92, 106, 92, '2025-12-29 16:00:00', 6, 90000, 'Pagado', 'Finalizada', 1),
(93, 18, 93, '2025-12-28 10:00:00', 6, 120000, 'Pagado', 'Finalizada', 1),
(94, 46, 94, '2026-01-05 14:00:00', 2, 50000, 'Pagado', 'Finalizada', 1),
(95, 173, 95, '2026-01-13 14:00:00', 5, 150000, 'Pagado', 'Finalizada', 1),
(96, 191, 96, '2026-01-06 14:00:00', 2, 90000, 'Reembolsado', 'Cancelada', 0),
(97, 81, 97, '2026-01-12 16:00:00', 3, 180000, 'Pagado', 'Finalizada', 1),
(98, 168, 98, '2026-01-14 10:00:00', 6, 480000, 'Pagado', 'Finalizada', 1),
(99, 53, 99, '2026-01-17 10:00:00', 2, 30000, 'Pagado', 'Finalizada', 1),
(100, 78, 100, '2026-02-02 10:00:00', 6, 120000, 'Pagado', 'Finalizada', 1),
(101, 21, 101, '2026-01-28 16:00:00', 6, 150000, 'Pagado', 'Finalizada', 1),
(102, 134, 102, '2026-02-08 16:00:00', 5, 150000, 'Pagado', 'Finalizada', 1),
(103, 118, 103, '2026-02-13 14:00:00', 1, 45000, 'Pagado', 'Finalizada', 1),
(104, 114, 104, '2026-02-08 10:00:00', 6, 360000, 'Pendiente', 'Cancelada', 0),
(105, 206, 105, '2026-02-18 12:00:00', 5, 400000, 'Pagado', 'Finalizada', 1),
(106, 134, 106, '2026-02-15 10:00:00', 2, 30000, 'Pagado', 'Finalizada', 1),
(107, 109, 107, '2026-03-03 14:00:00', 6, 120000, 'Pagado', 'Finalizada', 1),
(108, 154, 108, '2026-02-24 14:00:00', 6, 150000, 'Pagado', 'Finalizada', 1),
(109, 106, 109, '2026-03-04 16:00:00', 1, 30000, 'Pagado', 'Finalizada', 1),
(110, 148, 110, '2026-03-13 14:00:00', 1, 45000, 'Pagado', 'Finalizada', 1),
(111, 121, 111, '2026-03-15 16:00:00', 2, 120000, 'Pagado', 'Finalizada', 1),
(112, 140, 112, '2026-03-12 14:00:00', 5, 400000, 'Pendiente', 'Cancelada', 0),
(113, 96, 113, '2026-03-14 12:00:00', 2, 30000, 'Pagado', 'Finalizada', 1),
(114, 173, 114, '2026-03-20 16:00:00', 4, 80000, 'Pagado', 'Finalizada', 1),
(115, 8, 115, '2026-03-23 12:00:00', 4, 100000, 'Pagado', 'Finalizada', 1),
(116, 30, 116, '2026-03-29 14:00:00', 6, 180000, 'Pagado', 'Finalizada', 1),
(117, 189, 117, '2026-04-02 10:00:00', 3, 135000, 'Pagado', 'Finalizada', 1),
(118, 25, 118, '2026-04-05 16:00:00', 6, 360000, 'Pagado', 'Finalizada', 1),
(119, 143, 119, '2026-04-07 16:00:00', 3, 240000, 'Pagado', 'Finalizada', 1),
(120, 48, 120, '2026-04-22 12:00:00', 6, 90000, 'Pendiente', 'Cancelada', 0);

-- Inserción en ACOMPANANTE (220 registros)
INSERT INTO ACOMPANANTE (id_reserva, nombres, apellidos, identificacion) VALUES
(1, 'Marie', 'Muñoz', 'AC000001'),
(2, 'Jose', 'Valdes', 'AC000002'),
(3, 'Felipe', 'Lopez', 'AC000003'),
(4, 'Ricardo', 'Petit', 'AC000004'),
(5, 'Diego', 'Morales', 'AC000005'),
(6, 'Sebastian', 'Richard', 'AC000006'),
(7, 'Sebastian', 'Lopez', 'AC000007'),
(8, 'Constanza', 'Silva', 'AC000008'),
(9, 'Kenji', 'Gonzalez', 'AC000009'),
(10, 'Felipe', 'Taylor', 'AC000010'),
(11, 'Andres', 'Johnson', 'AC000011'),
(12, 'Luis', 'Durand', 'AC000012'),
(13, 'Laura', 'Smith', 'AC000013'),
(14, 'Jose', 'Durand', 'AC000014'),
(15, 'Isidora', 'Silva', 'AC000015'),
(16, 'Martina', 'Dupont', 'AC000016'),
(17, 'Javiera', 'Castillo', 'AC000017'),
(18, 'Laura', 'Dubois', 'AC000018'),
(19, 'Pierre', 'Johnson', 'AC000019'),
(20, 'Valentina', 'Gonzalez', 'AC000020'),
(21, 'Laura', 'Leroy', 'AC000021'),
(22, 'John', 'Rodriguez', 'AC000022'),
(23, 'Valentina', 'Dupont', 'AC000023'),
(24, 'Sakura', 'Dubois', 'AC000024'),
(25, 'Laura', 'Martinez', 'AC000025'),
(26, 'Juan', 'Bernard', 'AC000026'),
(27, 'Pedro', 'Rodriguez', 'AC000027'),
(28, 'Sakura', 'Rodriguez', 'AC000028'),
(29, 'Pierre', 'Contreras', 'AC000029'),
(30, 'Giovanni', 'Fuentes', 'AC000030'),
(31, 'Sebastian', 'Garcia', 'AC000031'),
(32, 'Jose', 'Durand', 'AC000032'),
(33, 'Marie', 'Valenzuela', 'AC000033'),
(34, 'Sofia', 'Gonzalez', 'AC000034'),
(35, 'Andres', 'Rojas', 'AC000035'),
(36, 'Sakura', 'Espinoza', 'AC000036'),
(37, 'Valentina', 'Sepulveda', 'AC000037'),
(38, 'Catalina', 'Leroy', 'AC000038'),
(39, 'Ricardo', 'Castillo', 'AC000039'),
(40, 'Daniela', 'Espinoza', 'AC000040'),
(41, 'Maria', 'Richard', 'AC000041'),
(42, 'Martina', 'Miller', 'AC000042'),
(43, 'Felipe', 'Valenzuela', 'AC000043'),
(44, 'Maria', 'Johnson', 'AC000044'),
(45, 'Helga', 'Johnson', 'AC000045'),
(46, 'Catalina', 'Martinez', 'AC000046'),
(47, 'Marie', 'Wilson', 'AC000047'),
(48, 'Manuel', 'Brown', 'AC000048'),
(49, 'Claudio', 'Morales', 'AC000049'),
(50, 'John', 'Rodriguez', 'AC000050'),
(51, 'Helga', 'Rodriguez', 'AC000051'),
(52, 'Maria', 'Rojas', 'AC000052'),
(53, 'Juan', 'Garcia', 'AC000053'),
(54, 'Andres', 'Dubois', 'AC000054'),
(55, 'Sofia', 'Rojas', 'AC000055'),
(56, 'Carlos', 'Rojas', 'AC000056'),
(57, 'Kenji', 'Valenzuela', 'AC000057'),
(58, 'Javiera', 'Martinez', 'AC000058'),
(59, 'Ana', 'Gonzalez', 'AC000059'),
(60, 'Camila', 'Martin', 'AC000060'),
(61, 'Manuel', 'Flores', 'AC000061'),
(62, 'Sebastian', 'Muñoz', 'AC000062'),
(63, 'Valentina', 'Johnson', 'AC000063'),
(64, 'Andres', 'Davis', 'AC000064'),
(65, 'Emily', 'Leroy', 'AC000065'),
(66, 'Laura', 'Valenzuela', 'AC000066'),
(67, 'Constanza', 'Martin', 'AC000067'),
(68, 'Ricardo', 'Wilson', 'AC000068'),
(69, 'Carlos', 'Dubois', 'AC000069'),
(70, 'Jorge', 'Smith', 'AC000070'),
(71, 'Javiera', 'Muñoz', 'AC000071'),
(72, 'Helga', 'Sepulveda', 'AC000072'),
(73, 'Catalina', 'Wilson', 'AC000073'),
(74, 'Isidora', 'Martinez', 'AC000074'),
(75, 'Javiera', 'Thomas', 'AC000075'),
(76, 'Emily', 'Rodriguez', 'AC000076'),
(77, 'Helga', 'Dupont', 'AC000077'),
(78, 'Helga', 'Perez', 'AC000078'),
(79, 'Claudio', 'Rodriguez', 'AC000079'),
(80, 'Gabriel', 'Petit', 'AC000080'),
(81, 'Hans', 'Flores', 'AC000081'),
(82, 'Valentina', 'Valdes', 'AC000082'),
(83, 'Claudio', 'Silva', 'AC000083'),
(84, 'Jorge', 'Rodriguez', 'AC000084'),
(85, 'Pierre', 'Martinez', 'AC000085'),
(86, 'Diego', 'Rojas', 'AC000086'),
(87, 'John', 'Araya', 'AC000087'),
(88, 'Ana', 'Martinez', 'AC000088'),
(89, 'Antonia', 'Martin', 'AC000089'),
(90, 'Felipe', 'Wilson', 'AC000090'),
(91, 'Constanza', 'Garcia', 'AC000091'),
(92, 'Helga', 'Leroy', 'AC000092'),
(93, 'Francesca', 'Morales', 'AC000093'),
(94, 'Hans', 'Johnson', 'AC000094'),
(95, 'Juan', 'Fuentes', 'AC000095'),
(96, 'Catalina', 'Petit', 'AC000096'),
(97, 'Daniela', 'Thomas', 'AC000097'),
(98, 'Hans', 'Robert', 'AC000098'),
(99, 'Manuel', 'Muñoz', 'AC000099'),
(100, 'Constanza', 'Lopez', 'AC000100'),
(101, 'John', 'Smith', 'AC000101'),
(102, 'Helga', 'Garcia', 'AC000102'),
(103, 'Francisco', 'Valenzuela', 'AC000103'),
(104, 'Felipe', 'Richard', 'AC000104'),
(105, 'Catalina', 'Martinez', 'AC000105'),
(106, 'Luis', 'Fuentes', 'AC000106'),
(107, 'Francesca', 'Dubois', 'AC000107'),
(108, 'Antonia', 'Petit', 'AC000108'),
(109, 'Helga', 'Thomas', 'AC000109'),
(110, 'Carlos', 'Martinez', 'AC000110'),
(111, 'Marie', 'Valdes', 'AC000111'),
(112, 'Beatriz', 'Petit', 'AC000112'),
(113, 'Isidora', 'Petit', 'AC000113'),
(114, 'Catalina', 'Gonzalez', 'AC000114'),
(115, 'Francesca', 'Martin', 'AC000115'),
(116, 'Andres', 'Martinez', 'AC000116'),
(117, 'Emily', 'Gonzalez', 'AC000117'),
(118, 'Martina', 'Soto', 'AC000118'),
(119, 'Sofia', 'Bernard', 'AC000119'),
(120, 'Daniela', 'Diaz', 'AC000120'),
(1, 'Gabriel', 'Taylor', 'AC000121'),
(2, 'Pierre', 'Bernard', 'AC000122'),
(3, 'Juan', 'Durand', 'AC000123'),
(4, 'Constanza', 'Contreras', 'AC000124'),
(5, 'Jorge', 'Durand', 'AC000125'),
(6, 'Valentina', 'Wilson', 'AC000126'),
(7, 'Andres', 'Muñoz', 'AC000127'),
(8, 'Pedro', 'Valenzuela', 'AC000128'),
(9, 'Juan', 'Lopez', 'AC000129'),
(10, 'Hans', 'Rodriguez', 'AC000130'),
(11, 'Francisco', 'Leroy', 'AC000131'),
(12, 'Hans', 'Davis', 'AC000132'),
(13, 'Francisca', 'Fuentes', 'AC000133'),
(14, 'Hans', 'Garcia', 'AC000134'),
(15, 'Martina', 'Espinoza', 'AC000135'),
(16, 'Martina', 'Perez', 'AC000136'),
(17, 'Francisco', 'Miller', 'AC000137'),
(18, 'Gabriel', 'Flores', 'AC000138'),
(19, 'Francisco', 'Gonzalez', 'AC000139'),
(20, 'Camila', 'Smith', 'AC000140'),
(21, 'Catalina', 'Valenzuela', 'AC000141'),
(22, 'Martina', 'Wilson', 'AC000142'),
(23, 'Giovanni', 'Brown', 'AC000143'),
(24, 'Francesca', 'Fuentes', 'AC000144'),
(25, 'Martina', 'Martinez', 'AC000145'),
(26, 'Valentina', 'Miller', 'AC000146'),
(27, 'Pierre', 'Robert', 'AC000147'),
(28, 'Francisca', 'Leroy', 'AC000148'),
(29, 'Helga', 'Valdes', 'AC000149'),
(30, 'Hans', 'Richard', 'AC000150'),
(31, 'Beatriz', 'Fuentes', 'AC000151'),
(32, 'Diego', 'Valdes', 'AC000152'),
(33, 'Claudio', 'Martinez', 'AC000153'),
(34, 'Carlos', 'Dupont', 'AC000154'),
(35, 'Giovanni', 'Brown', 'AC000155'),
(36, 'Francisca', 'Rojas', 'AC000156'),
(37, 'Pierre', 'Sepulveda', 'AC000157'),
(38, 'Francisco', 'Brown', 'AC000158'),
(39, 'Diego', 'Gonzalez', 'AC000159'),
(40, 'Manuel', 'Bernard', 'AC000160'),
(41, 'Gabriel', 'Contreras', 'AC000161'),
(42, 'Constanza', 'Perez', 'AC000162'),
(43, 'Emily', 'Smith', 'AC000163'),
(44, 'Francesca', 'Davis', 'AC000164'),
(45, 'Sebastian', 'Gonzalez', 'AC000165'),
(46, 'Emily', 'Castillo', 'AC000166'),
(47, 'Ricardo', 'Durand', 'AC000167'),
(48, 'Daniela', 'Rodriguez', 'AC000168'),
(49, 'Luis', 'Martinez', 'AC000169'),
(50, 'Antonia', 'Robert', 'AC000170'),
(51, 'Jose', 'Valdes', 'AC000171'),
(52, 'Jose', 'Leroy', 'AC000172'),
(53, 'Javiera', 'Smith', 'AC000173'),
(54, 'Luis', 'Martinez', 'AC000174'),
(55, 'Claudio', 'Muñoz', 'AC000175'),
(56, 'Sebastian', 'Silva', 'AC000176'),
(57, 'Kenji', 'Miller', 'AC000177'),
(58, 'Isidora', 'Johnson', 'AC000178'),
(59, 'Jorge', 'Muñoz', 'AC000179'),
(60, 'Francisco', 'Martin', 'AC000180'),
(61, 'Kenji', 'Brown', 'AC000181'),
(62, 'Ricardo', 'Smith', 'AC000182'),
(63, 'Sebastian', 'Valenzuela', 'AC000183'),
(64, 'Gabriel', 'Morales', 'AC000184'),
(65, 'Felipe', 'Contreras', 'AC000185'),
(66, 'Pedro', 'Dupont', 'AC000186'),
(67, 'Jose', 'Silva', 'AC000187'),
(68, 'Sebastian', 'Sepulveda', 'AC000188'),
(69, 'Constanza', 'Soto', 'AC000189'),
(70, 'Marie', 'Flores', 'AC000190'),
(71, 'Juan', 'Flores', 'AC000191'),
(72, 'Marie', 'Silva', 'AC000192'),
(73, 'Daniela', 'Martin', 'AC000193'),
(74, 'Sebastian', 'Miller', 'AC000194'),
(75, 'Francesca', 'Araya', 'AC000195'),
(76, 'Martina', 'Flores', 'AC000196'),
(77, 'Francisco', 'Fuentes', 'AC000197'),
(78, 'Valentina', 'Lopez', 'AC000198'),
(79, 'Jose', 'Leroy', 'AC000199'),
(80, 'Francisco', 'Taylor', 'AC000200'),
(81, 'Maria', 'Robert', 'AC000201'),
(82, 'Carlos', 'Morales', 'AC000202'),
(83, 'Emily', 'Martinez', 'AC000203'),
(84, 'Valentina', 'Wilson', 'AC000204'),
(85, 'Maria', 'Garcia', 'AC000205'),
(86, 'Emily', 'Gonzalez', 'AC000206'),
(87, 'Giovanni', 'Garcia', 'AC000207'),
(88, 'Constanza', 'Martin', 'AC000208'),
(89, 'Javiera', 'Smith', 'AC000209'),
(90, 'Jose', 'Smith', 'AC000210'),
(91, 'Helga', 'Espinoza', 'AC000211'),
(92, 'Javiera', 'Dubois', 'AC000212'),
(93, 'Catalina', 'Leroy', 'AC000213'),
(94, 'Constanza', 'Castillo', 'AC000214'),
(95, 'Diego', 'Bernard', 'AC000215'),
(96, 'Andres', 'Fuentes', 'AC000216'),
(97, 'Ana', 'Soto', 'AC000217'),
(98, 'Marie', 'Robert', 'AC000218'),
(99, 'Luis', 'Valenzuela', 'AC000219'),
(100, 'Andres', 'Davis', 'AC000220'),
(101, 'Marie', 'Espinoza', 'AC000221'),
(102, 'Daniela', 'Perez', 'AC000222'),
(103, 'Martina', 'Gonzalez', 'AC000223'),
(104, 'Isidora', 'Valenzuela', 'AC000224'),
(105, 'Beatriz', 'Espinoza', 'AC000225'),
(106, 'Giovanni', 'Morales', 'AC000226'),
(107, 'Constanza', 'Leroy', 'AC000227'),
(108, 'Diego', 'Araya', 'AC000228'),
(109, 'Hans', 'Taylor', 'AC000229'),
(110, 'Catalina', 'Flores', 'AC000230'),
(111, 'Felipe', 'Rojas', 'AC000231'),
(112, 'Francesca', 'Leroy', 'AC000232'),
(113, 'Sofia', 'Fuentes', 'AC000233'),
(114, 'John', 'Diaz', 'AC000234'),
(115, 'Manuel', 'Diaz', 'AC000235'),
(116, 'Maria', 'Richard', 'AC000236'),
(117, 'Sofia', 'Taylor', 'AC000237'),
(118, 'Isidora', 'Muñoz', 'AC000238'),
(119, 'Luis', 'Muñoz', 'AC000239'),
(120, 'Ricardo', 'Smith', 'AC000240');

-- Inserción en RESERVA_DESCUENTO (110 registros)
INSERT INTO RESERVA_DESCUENTO (id_reserva, id_descuento, monto_descontado) VALUES
(1, 1, 4526),
(2, 2, 3875),
(3, 3, 3845),
(4, 4, 1609),
(5, 5, 2300),
(6, 6, 4855),
(7, 7, 3957),
(8, 8, 3892),
(9, 9, 3952),
(10, 10, 4836),
(11, 11, 1508),
(12, 12, 3109),
(13, 13, 2334),
(14, 14, 1640),
(15, 15, 2022),
(16, 16, 2536),
(17, 17, 4409),
(18, 18, 3740),
(19, 19, 1806),
(20, 20, 4372),
(21, 21, 1290),
(22, 22, 3481),
(23, 23, 2628),
(24, 24, 4337),
(25, 25, 2572),
(26, 26, 2512),
(27, 27, 1466),
(28, 28, 1402),
(29, 29, 2619),
(30, 30, 4351),
(31, 31, 1521),
(32, 32, 1338),
(33, 33, 2272),
(34, 34, 3334),
(35, 35, 2115),
(36, 36, 2332),
(37, 37, 3935),
(38, 38, 2819),
(39, 39, 2240),
(40, 40, 1369),
(41, 41, 1060),
(42, 42, 3492),
(43, 43, 4946),
(44, 44, 2031),
(45, 45, 4992),
(46, 46, 2181),
(47, 47, 1201),
(48, 48, 2143),
(49, 49, 4741),
(50, 50, 4183),
(51, 51, 2092),
(52, 52, 4613),
(53, 53, 2127),
(54, 54, 3824),
(55, 55, 4780),
(56, 56, 1562),
(57, 57, 1554),
(58, 58, 3956),
(59, 59, 1067),
(60, 60, 2838),
(61, 61, 3202),
(62, 62, 2926),
(63, 63, 3109),
(64, 64, 2215),
(65, 65, 2785),
(66, 66, 1321),
(67, 67, 4166),
(68, 68, 4971),
(69, 69, 3790),
(70, 70, 1723),
(71, 71, 2209),
(72, 72, 3955),
(73, 73, 1345),
(74, 74, 1260),
(75, 75, 3304),
(76, 76, 3020),
(77, 77, 1630),
(78, 78, 1817),
(79, 79, 1518),
(80, 80, 4566),
(81, 81, 3152),
(82, 82, 2329),
(83, 83, 1793),
(84, 84, 4565),
(85, 85, 1676),
(86, 86, 3783),
(87, 87, 3476),
(88, 88, 3519),
(89, 89, 3712),
(90, 90, 1536),
(91, 91, 1374),
(92, 92, 1158),
(93, 93, 2094),
(94, 94, 4122),
(95, 95, 1008),
(96, 96, 2954),
(97, 97, 3033),
(98, 98, 4510),
(99, 99, 1940),
(100, 100, 4732),
(101, 101, 1758),
(102, 102, 4543),
(103, 103, 1418),
(104, 104, 4846),
(105, 105, 3341),
(106, 106, 2751),
(107, 107, 1494),
(108, 108, 4650),
(109, 109, 3119),
(110, 110, 4830),
(111, 111, 3898),
(112, 112, 1843),
(113, 113, 2222),
(114, 114, 4284),
(115, 115, 3226),
(116, 116, 1392),
(117, 117, 4246),
(118, 118, 1462),
(119, 119, 1264),
(120, 120, 2099);

-- Inserción en VALORACION (110 registros)
INSERT INTO VALORACION (id_cliente, id_tour, puntuacion, comentario, fec_valoracion) VALUES
(1, 1, 5, 'Todo de primer nivel', '2025-01-06 10:00:00'),
(2, 2, 4, 'Recomendado para ir en familia', '2025-01-10 10:00:00'),
(3, 3, 5, 'Un poco corto el tour pero bueno', '2025-01-14 10:00:00'),
(4, 4, 5, 'Buen maridaje', '2025-01-18 10:00:00'),
(5, 5, 4, 'Todo de primer nivel', '2025-01-22 10:00:00'),
(6, 6, 4, 'Recomendado para ir en familia', '2025-01-26 10:00:00'),
(7, 7, 5, 'Muy bonita la viña', '2025-01-30 10:00:00'),
(8, 8, 5, 'El paisaje es espectacular', '2025-02-03 10:00:00'),
(9, 9, 5, 'Volvería a ir sin dudarlo', '2025-02-07 10:00:00'),
(10, 10, 3, 'Increíble cata', '2025-02-11 10:00:00'),
(11, 11, 4, 'Volvería a ir sin dudarlo', '2025-02-15 10:00:00'),
(12, 12, 3, 'Un poco corto el tour pero bueno', '2025-02-19 10:00:00'),
(13, 13, 4, 'Recomendado para ir en familia', '2025-02-23 10:00:00'),
(14, 14, 4, 'El paisaje es espectacular', '2025-02-27 10:00:00'),
(15, 15, 5, 'Excelente experiencia', '2025-03-03 10:00:00'),
(16, 16, 5, 'Excelente experiencia', '2025-03-07 10:00:00'),
(17, 17, 4, 'Vinos muy buenos, guía amable', '2025-03-11 10:00:00'),
(18, 18, 3, 'Un poco corto el tour pero bueno', '2025-03-15 10:00:00'),
(19, 19, 4, 'Increíble cata', '2025-03-19 10:00:00'),
(20, 20, 5, 'Increíble cata', '2025-03-23 10:00:00'),
(21, 21, 5, 'Volvería a ir sin dudarlo', '2025-03-27 10:00:00'),
(22, 22, 5, 'El paisaje es espectacular', '2025-03-31 10:00:00'),
(23, 23, 5, 'Increíble cata', '2025-04-04 10:00:00'),
(24, 24, 5, 'Volvería a ir sin dudarlo', '2025-04-08 10:00:00'),
(25, 25, 3, 'Excelente experiencia', '2025-04-12 10:00:00'),
(26, 26, 5, 'Recomendado para ir en familia', '2025-04-16 10:00:00'),
(27, 27, 4, 'Un poco corto el tour pero bueno', '2025-04-20 10:00:00'),
(28, 28, 3, 'Excelente experiencia', '2025-04-24 10:00:00'),
(29, 29, 3, 'Buen maridaje', '2025-04-28 10:00:00'),
(30, 30, 5, 'Muy bonita la viña', '2025-05-02 10:00:00'),
(31, 31, 5, 'Muy bonita la viña', '2025-05-06 10:00:00'),
(32, 32, 4, 'Buen maridaje', '2025-05-10 10:00:00'),
(33, 33, 4, 'El paisaje es espectacular', '2025-05-14 10:00:00'),
(34, 34, 5, 'Un poco corto el tour pero bueno', '2025-05-18 10:00:00'),
(35, 35, 5, 'Increíble cata', '2025-05-22 10:00:00'),
(36, 36, 5, 'Excelente experiencia', '2025-05-26 10:00:00'),
(37, 37, 3, 'Recomendado para ir en familia', '2025-05-30 10:00:00'),
(38, 38, 4, 'Todo de primer nivel', '2025-06-03 10:00:00'),
(39, 39, 5, 'Recomendado para ir en familia', '2025-06-07 10:00:00'),
(40, 40, 4, 'Un poco corto el tour pero bueno', '2025-06-11 10:00:00'),
(41, 41, 5, 'Recomendado para ir en familia', '2025-06-15 10:00:00'),
(42, 42, 5, 'Increíble cata', '2025-06-19 10:00:00'),
(43, 43, 5, 'El paisaje es espectacular', '2025-06-23 10:00:00'),
(44, 44, 3, 'Increíble cata', '2025-06-27 10:00:00'),
(45, 45, 5, 'Buen maridaje', '2025-07-01 10:00:00'),
(46, 46, 5, 'Un poco corto el tour pero bueno', '2025-07-05 10:00:00'),
(47, 47, 3, 'Recomendado para ir en familia', '2025-07-09 10:00:00'),
(48, 48, 3, 'Buen maridaje', '2025-07-13 10:00:00'),
(49, 49, 5, 'Increíble cata', '2025-07-17 10:00:00'),
(50, 50, 5, 'Un poco corto el tour pero bueno', '2025-07-21 10:00:00'),
(51, 51, 4, 'Buen maridaje', '2025-07-25 10:00:00'),
(52, 52, 5, 'Vinos muy buenos, guía amable', '2025-07-29 10:00:00'),
(53, 53, 5, 'Recomendado para ir en familia', '2025-08-02 10:00:00'),
(54, 54, 5, 'Muy bonita la viña', '2025-08-06 10:00:00'),
(55, 55, 5, 'Un poco corto el tour pero bueno', '2025-08-10 10:00:00'),
(56, 56, 3, 'Recomendado para ir en familia', '2025-08-14 10:00:00'),
(57, 57, 3, 'El paisaje es espectacular', '2025-08-18 10:00:00'),
(58, 58, 5, 'Excelente experiencia', '2025-08-22 10:00:00'),
(59, 59, 5, 'El paisaje es espectacular', '2025-08-26 10:00:00'),
(60, 60, 5, 'Increíble cata', '2025-08-30 10:00:00'),
(61, 61, 4, 'Vinos muy buenos, guía amable', '2025-09-03 10:00:00'),
(62, 62, 5, 'Volvería a ir sin dudarlo', '2025-09-07 10:00:00'),
(63, 63, 5, 'El paisaje es espectacular', '2025-09-11 10:00:00'),
(64, 64, 5, 'Increíble cata', '2025-09-15 10:00:00'),
(65, 65, 3, 'Muy bonita la viña', '2025-09-19 10:00:00'),
(66, 66, 4, 'Volvería a ir sin dudarlo', '2025-09-23 10:00:00'),
(67, 67, 5, 'Volvería a ir sin dudarlo', '2025-09-27 10:00:00'),
(68, 68, 3, 'Vinos muy buenos, guía amable', '2025-10-01 10:00:00'),
(69, 69, 5, 'El paisaje es espectacular', '2025-10-05 10:00:00'),
(70, 70, 4, 'El paisaje es espectacular', '2025-10-09 10:00:00'),
(71, 71, 5, 'Muy bonita la viña', '2025-10-13 10:00:00'),
(72, 72, 5, 'Recomendado para ir en familia', '2025-10-17 10:00:00'),
(73, 73, 4, 'Muy bonita la viña', '2025-10-21 10:00:00'),
(74, 74, 4, 'Increíble cata', '2025-10-25 10:00:00'),
(75, 75, 3, 'Vinos muy buenos, guía amable', '2025-10-29 10:00:00'),
(76, 76, 4, 'Todo de primer nivel', '2025-11-02 10:00:00'),
(77, 77, 4, 'Increíble cata', '2025-11-06 10:00:00'),
(78, 78, 3, 'Volvería a ir sin dudarlo', '2025-11-10 10:00:00'),
(79, 79, 3, 'Vinos muy buenos, guía amable', '2025-11-14 10:00:00'),
(80, 80, 4, 'Muy bonita la viña', '2025-11-18 10:00:00'),
(81, 81, 5, 'Vinos muy buenos, guía amable', '2025-11-22 10:00:00'),
(82, 82, 4, 'Un poco corto el tour pero bueno', '2025-11-26 10:00:00'),
(83, 83, 5, 'Excelente experiencia', '2025-11-30 10:00:00'),
(84, 84, 3, 'Volvería a ir sin dudarlo', '2025-12-04 10:00:00'),
(85, 85, 4, 'Excelente experiencia', '2025-12-08 10:00:00'),
(86, 86, 3, 'Buen maridaje', '2025-12-12 10:00:00'),
(87, 87, 5, 'Volvería a ir sin dudarlo', '2025-12-16 10:00:00'),
(88, 88, 4, 'El paisaje es espectacular', '2025-12-20 10:00:00'),
(89, 89, 5, 'Muy bonita la viña', '2025-12-24 10:00:00'),
(90, 90, 3, 'Excelente experiencia', '2025-12-28 10:00:00'),
(91, 91, 5, 'Volvería a ir sin dudarlo', '2026-01-01 10:00:00'),
(92, 92, 5, 'Vinos muy buenos, guía amable', '2026-01-05 10:00:00'),
(93, 93, 3, 'Buen maridaje', '2026-01-09 10:00:00'),
(94, 94, 3, 'Muy bonita la viña', '2026-01-13 10:00:00'),
(95, 95, 4, 'Vinos muy buenos, guía amable', '2026-01-17 10:00:00'),
(96, 96, 3, 'Muy bonita la viña', '2026-01-21 10:00:00'),
(97, 97, 4, 'Increíble cata', '2026-01-25 10:00:00'),
(98, 98, 5, 'Excelente experiencia', '2026-01-29 10:00:00'),
(99, 99, 5, 'Buen maridaje', '2026-02-02 10:00:00'),
(100, 100, 3, 'Muy bonita la viña', '2026-02-06 10:00:00'),
(101, 101, 5, 'El paisaje es espectacular', '2026-02-10 10:00:00'),
(102, 102, 5, 'Muy bonita la viña', '2026-02-14 10:00:00'),
(103, 103, 5, 'Muy bonita la viña', '2026-02-18 10:00:00'),
(104, 104, 5, 'Buen maridaje', '2026-02-22 10:00:00'),
(105, 105, 3, 'Excelente experiencia', '2026-02-26 10:00:00'),
(106, 106, 3, 'Todo de primer nivel', '2026-03-02 10:00:00'),
(107, 107, 5, 'Un poco corto el tour pero bueno', '2026-03-06 10:00:00'),
(108, 108, 5, 'Recomendado para ir en familia', '2026-03-10 10:00:00'),
(109, 109, 3, 'Increíble cata', '2026-03-14 10:00:00'),
(110, 110, 5, 'Un poco corto el tour pero bueno', '2026-03-18 10:00:00'),
(111, 111, 5, 'Buen maridaje', '2026-03-22 10:00:00'),
(112, 112, 5, 'Un poco corto el tour pero bueno', '2026-03-26 10:00:00'),
(113, 113, 4, 'Buen maridaje', '2026-03-30 10:00:00'),
(114, 114, 5, 'Todo de primer nivel', '2026-04-03 10:00:00'),
(115, 115, 4, 'Increíble cata', '2026-04-07 10:00:00'),
(116, 116, 4, 'Muy bonita la viña', '2026-04-11 10:00:00'),
(117, 117, 4, 'Excelente experiencia', '2026-04-15 10:00:00'),
(118, 118, 3, 'Volvería a ir sin dudarlo', '2026-04-19 10:00:00'),
(119, 119, 3, 'Volvería a ir sin dudarlo', '2026-04-23 10:00:00'),
(120, 120, 4, 'Volvería a ir sin dudarlo', '2026-04-27 10:00:00');

-- Inserción en PRODUCTO (110 registros)
INSERT INTO PRODUCTO (id_producto, id_vina, nombre, tipo_vino, anada, precio_unitario, stock) VALUES
(1, 1, 'Vino Reserva Syrah 1', 'Cabernet Sauvignon', 2020, 49990, 340),
(2, 2, 'Vino Reserva Sauvignon Blanc 2', 'Carménère', 2021, 35000, 127),
(3, 3, 'Vino Gran Reserva Pinot Noir 3', 'Pinot Noir', 2023, 22990, 205),
(4, 4, 'Vino Tributo Chardonnay 4', 'Espumante', 2022, 15990, 455),
(5, 5, 'Vino Cosecha Selecta Espumante 5', 'Espumante', 2021, 8990, 42),
(6, 6, 'Vino Gran Reserva Merlot 6', 'Pinot Noir', 2022, 49990, 224),
(7, 7, 'Vino Ícono Syrah 7', 'Carménère', 2022, 8990, 314),
(8, 8, 'Vino Ícono Malbec 8', 'Pinot Noir', 2020, 85000, 498),
(9, 9, 'Vino Reserva Espumante 9', 'Rosé', 2022, 35000, 490),
(10, 10, 'Vino Finca Rosé 10', 'Cabernet Sauvignon', 2020, 85000, 498),
(11, 11, 'Vino Tributo Espumante 11', 'Carménère', 2022, 22990, 338),
(12, 12, 'Vino Tributo Espumante 12', 'Rosé', 2021, 85000, 406),
(13, 13, 'Vino Tributo Cabernet Sauvignon 13', 'Merlot', 2020, 12990, 303),
(14, 14, 'Vino Ícono Rosé 14', 'Chardonnay', 2022, 15990, 173),
(15, 15, 'Vino Reserva Malbec 15', 'Chardonnay', 2021, 49990, 453),
(16, 16, 'Vino Finca Syrah 16', 'Sauvignon Blanc', 2023, 15990, 473),
(17, 17, 'Vino Tributo Carménère 17', 'Sauvignon Blanc', 2020, 12990, 148),
(18, 18, 'Vino Finca Carménère 18', 'Carménère', 2021, 12990, 118),
(19, 19, 'Vino Tributo Merlot 19', 'Sauvignon Blanc', 2020, 12990, 323),
(20, 20, 'Vino Cosecha Selecta Chardonnay 20', 'Syrah', 2018, 85000, 315),
(21, 21, 'Vino Finca Sauvignon Blanc 21', 'Chardonnay', 2020, 49990, 163),
(22, 22, 'Vino Finca Chardonnay 22', 'Carménère', 2022, 85000, 369),
(23, 23, 'Vino Tributo Carménère 23', 'Rosé', 2018, 49990, 171),
(24, 1, 'Vino Finca Rosé 24', 'Pinot Noir', 2019, 8990, 454),
(25, 2, 'Vino Cosecha Selecta Rosé 25', 'Rosé', 2022, 85000, 73),
(26, 3, 'Vino Tributo Carménère 26', 'Chardonnay', 2021, 12990, 91),
(27, 4, 'Vino Ícono Sauvignon Blanc 27', 'Syrah', 2020, 15990, 258),
(28, 5, 'Vino Tributo Carménère 28', 'Cabernet Sauvignon', 2023, 12990, 456),
(29, 6, 'Vino Reserva Chardonnay 29', 'Cabernet Sauvignon', 2022, 49990, 175),
(30, 7, 'Vino Gran Reserva Espumante 30', 'Rosé', 2020, 35000, 277),
(31, 8, 'Vino Reserva Cabernet Sauvignon 31', 'Espumante', 2022, 35000, 147),
(32, 9, 'Vino Ícono Cabernet Sauvignon 32', 'Merlot', 2019, 22990, 159),
(33, 10, 'Vino Cosecha Selecta Chardonnay 33', 'Chardonnay', 2018, 22990, 312),
(34, 11, 'Vino Reserva Sauvignon Blanc 34', 'Cabernet Sauvignon', 2019, 8990, 90),
(35, 12, 'Vino Finca Syrah 35', 'Sauvignon Blanc', 2018, 15990, 105),
(36, 13, 'Vino Tributo Cabernet Sauvignon 36', 'Chardonnay', 2020, 35000, 463),
(37, 14, 'Vino Cosecha Selecta Syrah 37', 'Chardonnay', 2018, 35000, 268),
(38, 15, 'Vino Tributo Rosé 38', 'Cabernet Sauvignon', 2018, 49990, 316),
(39, 16, 'Vino Cosecha Selecta Cabernet Sauvignon 39', 'Rosé', 2021, 35000, 471),
(40, 17, 'Vino Gran Reserva Chardonnay 40', 'Cabernet Sauvignon', 2022, 15990, 458),
(41, 18, 'Vino Tributo Malbec 41', 'Cabernet Sauvignon', 2020, 49990, 154),
(42, 19, 'Vino Gran Reserva Carménère 42', 'Merlot', 2018, 85000, 162),
(43, 20, 'Vino Finca Merlot 43', 'Malbec', 2020, 35000, 121),
(44, 21, 'Vino Reserva Malbec 44', 'Cabernet Sauvignon', 2020, 85000, 146),
(45, 22, 'Vino Reserva Malbec 45', 'Rosé', 2021, 22990, 480),
(46, 23, 'Vino Tributo Syrah 46', 'Merlot', 2022, 8990, 218),
(47, 1, 'Vino Gran Reserva Rosé 47', 'Chardonnay', 2021, 85000, 140),
(48, 2, 'Vino Tributo Chardonnay 48', 'Carménère', 2020, 12990, 220),
(49, 3, 'Vino Reserva Rosé 49', 'Cabernet Sauvignon', 2018, 12990, 106),
(50, 4, 'Vino Cosecha Selecta Carménère 50', 'Pinot Noir', 2018, 22990, 374),
(51, 5, 'Vino Cosecha Selecta Syrah 51', 'Cabernet Sauvignon', 2020, 85000, 55),
(52, 6, 'Vino Gran Reserva Pinot Noir 52', 'Chardonnay', 2020, 15990, 484),
(53, 7, 'Vino Ícono Pinot Noir 53', 'Espumante', 2020, 15990, 210),
(54, 8, 'Vino Reserva Sauvignon Blanc 54', 'Syrah', 2018, 8990, 359),
(55, 9, 'Vino Cosecha Selecta Sauvignon Blanc 55', 'Cabernet Sauvignon', 2018, 49990, 439),
(56, 10, 'Vino Reserva Carménère 56', 'Malbec', 2022, 8990, 194),
(57, 11, 'Vino Ícono Cabernet Sauvignon 57', 'Malbec', 2022, 22990, 71),
(58, 12, 'Vino Finca Rosé 58', 'Sauvignon Blanc', 2023, 35000, 408),
(59, 13, 'Vino Reserva Cabernet Sauvignon 59', 'Sauvignon Blanc', 2020, 15990, 434),
(60, 14, 'Vino Reserva Pinot Noir 60', 'Syrah', 2020, 85000, 314),
(61, 15, 'Vino Ícono Syrah 61', 'Rosé', 2019, 22990, 466),
(62, 16, 'Vino Finca Espumante 62', 'Carménère', 2018, 8990, 454),
(63, 17, 'Vino Finca Cabernet Sauvignon 63', 'Carménère', 2018, 35000, 373),
(64, 18, 'Vino Gran Reserva Espumante 64', 'Syrah', 2023, 22990, 417),
(65, 19, 'Vino Tributo Merlot 65', 'Espumante', 2018, 12990, 488),
(66, 20, 'Vino Reserva Chardonnay 66', 'Chardonnay', 2021, 15990, 156),
(67, 21, 'Vino Gran Reserva Espumante 67', 'Sauvignon Blanc', 2023, 35000, 88),
(68, 22, 'Vino Reserva Merlot 68', 'Rosé', 2022, 35000, 420),
(69, 23, 'Vino Finca Malbec 69', 'Chardonnay', 2020, 22990, 429),
(70, 1, 'Vino Gran Reserva Espumante 70', 'Carménère', 2022, 12990, 297),
(71, 2, 'Vino Reserva Sauvignon Blanc 71', 'Syrah', 2022, 12990, 100),
(72, 3, 'Vino Reserva Syrah 72', 'Carménère', 2020, 15990, 121),
(73, 4, 'Vino Cosecha Selecta Carménère 73', 'Rosé', 2019, 15990, 290),
(74, 5, 'Vino Cosecha Selecta Espumante 74', 'Merlot', 2020, 35000, 173),
(75, 6, 'Vino Ícono Sauvignon Blanc 75', 'Cabernet Sauvignon', 2023, 49990, 92),
(76, 7, 'Vino Gran Reserva Chardonnay 76', 'Sauvignon Blanc', 2022, 8990, 74),
(77, 8, 'Vino Tributo Chardonnay 77', 'Pinot Noir', 2019, 12990, 442),
(78, 9, 'Vino Reserva Sauvignon Blanc 78', 'Rosé', 2019, 15990, 349),
(79, 10, 'Vino Reserva Carménère 79', 'Chardonnay', 2019, 8990, 25),
(80, 11, 'Vino Reserva Pinot Noir 80', 'Cabernet Sauvignon', 2020, 22990, 305),
(81, 12, 'Vino Cosecha Selecta Malbec 81', 'Carménère', 2021, 12990, 245),
(82, 13, 'Vino Reserva Pinot Noir 82', 'Chardonnay', 2019, 22990, 484),
(83, 14, 'Vino Finca Merlot 83', 'Rosé', 2020, 35000, 141),
(84, 15, 'Vino Finca Syrah 84', 'Malbec', 2018, 15990, 166),
(85, 16, 'Vino Ícono Espumante 85', 'Carménère', 2023, 15990, 494),
(86, 17, 'Vino Tributo Sauvignon Blanc 86', 'Sauvignon Blanc', 2022, 12990, 252),
(87, 18, 'Vino Cosecha Selecta Carménère 87', 'Cabernet Sauvignon', 2019, 35000, 56),
(88, 19, 'Vino Cosecha Selecta Merlot 88', 'Malbec', 2022, 8990, 57),
(89, 20, 'Vino Cosecha Selecta Rosé 89', 'Syrah', 2018, 8990, 411),
(90, 21, 'Vino Tributo Rosé 90', 'Pinot Noir', 2019, 85000, 24),
(91, 22, 'Vino Cosecha Selecta Carménère 91', 'Rosé', 2023, 49990, 46),
(92, 23, 'Vino Ícono Sauvignon Blanc 92', 'Rosé', 2020, 12990, 269),
(93, 1, 'Vino Gran Reserva Cabernet Sauvignon 93', 'Espumante', 2019, 35000, 84),
(94, 2, 'Vino Finca Syrah 94', 'Merlot', 2020, 22990, 47),
(95, 3, 'Vino Ícono Malbec 95', 'Rosé', 2018, 12990, 94),
(96, 4, 'Vino Reserva Espumante 96', 'Merlot', 2019, 85000, 432),
(97, 5, 'Vino Gran Reserva Pinot Noir 97', 'Carménère', 2019, 85000, 387),
(98, 6, 'Vino Finca Merlot 98', 'Pinot Noir', 2019, 35000, 227),
(99, 7, 'Vino Reserva Rosé 99', 'Espumante', 2020, 49990, 133),
(100, 8, 'Vino Tributo Chardonnay 100', 'Chardonnay', 2019, 12990, 148),
(101, 9, 'Vino Reserva Carménère 101', 'Cabernet Sauvignon', 2018, 49990, 437),
(102, 10, 'Vino Reserva Pinot Noir 102', 'Rosé', 2018, 15990, 91),
(103, 11, 'Vino Reserva Sauvignon Blanc 103', 'Cabernet Sauvignon', 2021, 8990, 155),
(104, 12, 'Vino Cosecha Selecta Pinot Noir 104', 'Malbec', 2023, 12990, 425),
(105, 13, 'Vino Tributo Merlot 105', 'Carménère', 2018, 49990, 184),
(106, 14, 'Vino Ícono Syrah 106', 'Syrah', 2023, 15990, 325),
(107, 15, 'Vino Cosecha Selecta Pinot Noir 107', 'Cabernet Sauvignon', 2018, 85000, 472),
(108, 16, 'Vino Ícono Pinot Noir 108', 'Malbec', 2019, 12990, 343),
(109, 17, 'Vino Ícono Pinot Noir 109', 'Sauvignon Blanc', 2023, 49990, 443),
(110, 18, 'Vino Tributo Malbec 110', 'Espumante', 2022, 85000, 198),
(111, 19, 'Vino Gran Reserva Syrah 111', 'Rosé', 2023, 12990, 349),
(112, 20, 'Vino Tributo Cabernet Sauvignon 112', 'Syrah', 2023, 49990, 83),
(113, 21, 'Vino Reserva Chardonnay 113', 'Espumante', 2021, 12990, 352),
(114, 22, 'Vino Gran Reserva Syrah 114', 'Chardonnay', 2022, 49990, 268),
(115, 23, 'Vino Finca Rosé 115', 'Espumante', 2022, 85000, 112),
(116, 1, 'Vino Ícono Merlot 116', 'Pinot Noir', 2018, 8990, 29),
(117, 2, 'Vino Reserva Carménère 117', 'Cabernet Sauvignon', 2023, 15990, 81),
(118, 3, 'Vino Ícono Carménère 118', 'Sauvignon Blanc', 2019, 22990, 77),
(119, 4, 'Vino Cosecha Selecta Espumante 119', 'Sauvignon Blanc', 2018, 85000, 153),
(120, 5, 'Vino Reserva Malbec 120', 'Espumante', 2020, 15990, 130);

-- Inserción en COMPROBANTE_VENTA (110 registros)
INSERT INTO COMPROBANTE_VENTA (id_comprobante, id_cliente, id_vina, fec_venta, subtotal, descuento_aplicado, total_final, metodo_pago) VALUES
(1, 8, 1, '2025-01-06 00:00:00', 100000, 0, 100000, 'Efectivo'),
(2, 99, 2, '2025-01-10 00:00:00', 40000, 5000, 35000, 'Tarjetas de Crédito'),
(3, 194, 3, '2025-01-14 02:00:00', 40000, 0, 40000, 'Efectivo'),
(4, 77, 4, '2025-01-17 23:00:00', 60000, 0, 60000, 'Efectivo'),
(5, 197, 5, '2025-01-22 02:00:00', 100000, 0, 100000, 'Tarjetas de Débito'),
(6, 159, 6, '2025-01-26 03:00:00', 100000, 0, 100000, 'Tarjetas de Crédito'),
(7, 115, 7, '2025-01-29 22:00:00', 25000, 0, 25000, 'Efectivo'),
(8, 154, 8, '2025-02-02 22:00:00', 15000, 0, 15000, 'Transferencia'),
(9, 141, 9, '2025-02-06 22:00:00', 40000, 0, 40000, 'Efectivo'),
(10, 152, 10, '2025-02-11 04:00:00', 100000, 10000, 90000, 'Efectivo'),
(11, 143, 11, '2025-02-15 03:00:00', 60000, 0, 60000, 'Tarjetas de Crédito'),
(12, 75, 12, '2025-02-19 01:00:00', 100000, 0, 100000, 'Transferencia'),
(13, 28, 13, '2025-02-22 21:00:00', 100000, 10000, 90000, 'Tarjetas de Débito'),
(14, 65, 14, '2025-02-27 04:00:00', 60000, 0, 60000, 'Transferencia'),
(15, 131, 15, '2025-03-03 00:00:00', 25000, 0, 25000, 'Efectivo'),
(16, 8, 16, '2025-03-07 01:00:00', 15000, 0, 15000, 'Tarjetas de Débito'),
(17, 58, 17, '2025-03-11 00:00:00', 60000, 0, 60000, 'Efectivo'),
(18, 96, 18, '2025-03-14 22:00:00', 15000, 0, 15000, 'Tarjetas de Débito'),
(19, 141, 19, '2025-03-19 03:00:00', 150000, 0, 150000, 'Tarjetas de Débito'),
(20, 195, 20, '2025-03-23 03:00:00', 25000, 0, 25000, 'Tarjetas de Débito'),
(21, 50, 21, '2025-03-26 22:00:00', 15000, 0, 15000, 'Efectivo'),
(22, 20, 22, '2025-03-31 04:00:00', 100000, 10000, 90000, 'Tarjetas de Crédito'),
(23, 182, 23, '2025-04-04 00:00:00', 15000, 0, 15000, 'Tarjetas de Crédito'),
(24, 96, 1, '2025-04-08 01:00:00', 60000, 0, 60000, 'Efectivo'),
(25, 154, 2, '2025-04-11 22:00:00', 60000, 5000, 55000, 'Tarjetas de Débito'),
(26, 5, 3, '2025-04-16 00:00:00', 15000, 0, 15000, 'Tarjetas de Crédito'),
(27, 147, 4, '2025-04-19 23:00:00', 100000, 5000, 95000, 'Tarjetas de Crédito'),
(28, 14, 5, '2025-04-24 03:00:00', 40000, 0, 40000, 'Tarjetas de Débito'),
(29, 63, 6, '2025-04-27 23:00:00', 100000, 10000, 90000, 'Transferencia'),
(30, 111, 7, '2025-05-01 22:00:00', 25000, 0, 25000, 'Tarjetas de Débito'),
(31, 54, 8, '2025-05-06 03:00:00', 15000, 0, 15000, 'Tarjetas de Crédito'),
(32, 204, 9, '2025-05-10 01:00:00', 100000, 10000, 90000, 'Efectivo'),
(33, 86, 10, '2025-05-14 03:00:00', 150000, 0, 150000, 'Tarjetas de Débito'),
(34, 95, 11, '2025-05-18 02:00:00', 60000, 0, 60000, 'Tarjetas de Crédito'),
(35, 205, 12, '2025-05-22 03:00:00', 60000, 0, 60000, 'Efectivo'),
(36, 86, 13, '2025-05-26 00:00:00', 15000, 0, 15000, 'Efectivo'),
(37, 72, 14, '2025-05-29 23:00:00', 40000, 0, 40000, 'Tarjetas de Crédito'),
(38, 196, 15, '2025-06-02 21:00:00', 15000, 0, 15000, 'Efectivo'),
(39, 121, 16, '2025-06-06 21:00:00', 60000, 0, 60000, 'Tarjetas de Débito'),
(40, 210, 17, '2025-06-11 03:00:00', 40000, 0, 40000, 'Tarjetas de Débito'),
(41, 71, 18, '2025-06-15 03:00:00', 15000, 0, 15000, 'Tarjetas de Débito'),
(42, 212, 19, '2025-06-19 01:00:00', 150000, 5000, 145000, 'Tarjetas de Débito'),
(43, 51, 20, '2025-06-23 03:00:00', 15000, 0, 15000, 'Tarjetas de Débito'),
(44, 158, 21, '2025-06-27 03:00:00', 15000, 0, 15000, 'Transferencia'),
(45, 143, 22, '2025-07-01 04:00:00', 15000, 0, 15000, 'Tarjetas de Crédito'),
(46, 115, 23, '2025-07-05 04:00:00', 15000, 0, 15000, 'Tarjetas de Débito'),
(47, 115, 1, '2025-07-08 23:00:00', 100000, 10000, 90000, 'Transferencia'),
(48, 12, 2, '2025-07-12 22:00:00', 40000, 5000, 35000, 'Efectivo'),
(49, 150, 3, '2025-07-17 04:00:00', 150000, 10000, 140000, 'Tarjetas de Débito'),
(50, 173, 4, '2025-07-21 04:00:00', 60000, 10000, 50000, 'Tarjetas de Crédito'),
(51, 173, 5, '2025-07-25 00:00:00', 25000, 0, 25000, 'Tarjetas de Crédito'),
(52, 184, 6, '2025-07-28 23:00:00', 15000, 0, 15000, 'Tarjetas de Crédito'),
(53, 48, 7, '2025-08-02 04:00:00', 100000, 5000, 95000, 'Tarjetas de Débito'),
(54, 25, 8, '2025-08-06 04:00:00', 150000, 5000, 145000, 'Efectivo'),
(55, 40, 9, '2025-08-10 01:00:00', 40000, 0, 40000, 'Tarjetas de Débito'),
(56, 18, 10, '2025-08-13 21:00:00', 25000, 0, 25000, 'Transferencia'),
(57, 109, 11, '2025-08-18 00:00:00', 150000, 0, 150000, 'Tarjetas de Crédito'),
(58, 7, 12, '2025-08-22 03:00:00', 100000, 0, 100000, 'Efectivo'),
(59, 68, 13, '2025-08-26 01:00:00', 150000, 10000, 140000, 'Tarjetas de Débito'),
(60, 174, 14, '2025-08-30 04:00:00', 25000, 0, 25000, 'Tarjetas de Crédito'),
(61, 68, 15, '2025-09-03 00:00:00', 15000, 0, 15000, 'Transferencia'),
(62, 89, 16, '2025-09-07 03:00:00', 40000, 5000, 35000, 'Transferencia'),
(63, 16, 17, '2025-09-11 02:00:00', 25000, 0, 25000, 'Tarjetas de Crédito'),
(64, 2, 18, '2025-09-15 00:00:00', 150000, 0, 150000, 'Efectivo'),
(65, 93, 19, '2025-09-18 21:00:00', 60000, 5000, 55000, 'Tarjetas de Débito'),
(66, 123, 20, '2025-09-22 23:00:00', 15000, 0, 15000, 'Tarjetas de Débito'),
(67, 94, 21, '2025-09-26 22:00:00', 60000, 0, 60000, 'Tarjetas de Débito'),
(68, 90, 22, '2025-10-01 03:00:00', 15000, 0, 15000, 'Efectivo'),
(69, 94, 23, '2025-10-05 00:00:00', 40000, 0, 40000, 'Transferencia'),
(70, 129, 1, '2025-10-08 22:00:00', 25000, 0, 25000, 'Tarjetas de Crédito'),
(71, 118, 2, '2025-10-12 23:00:00', 100000, 0, 100000, 'Tarjetas de Crédito'),
(72, 91, 3, '2025-10-16 22:00:00', 150000, 10000, 140000, 'Tarjetas de Crédito'),
(73, 182, 4, '2025-10-21 04:00:00', 60000, 10000, 50000, 'Tarjetas de Crédito'),
(74, 190, 5, '2025-10-24 21:00:00', 150000, 0, 150000, 'Efectivo'),
(75, 34, 6, '2025-10-28 23:00:00', 25000, 0, 25000, 'Tarjetas de Crédito'),
(76, 216, 7, '2025-11-01 22:00:00', 40000, 5000, 35000, 'Transferencia'),
(77, 35, 8, '2025-11-06 02:00:00', 25000, 0, 25000, 'Transferencia'),
(78, 2, 9, '2025-11-09 23:00:00', 40000, 0, 40000, 'Tarjetas de Débito'),
(79, 178, 10, '2025-11-13 21:00:00', 100000, 5000, 95000, 'Transferencia'),
(80, 120, 11, '2025-11-18 02:00:00', 150000, 0, 150000, 'Tarjetas de Crédito'),
(81, 127, 12, '2025-11-22 04:00:00', 150000, 0, 150000, 'Tarjetas de Crédito'),
(82, 178, 13, '2025-11-26 02:00:00', 25000, 0, 25000, 'Tarjetas de Crédito'),
(83, 48, 14, '2025-11-30 00:00:00', 25000, 0, 25000, 'Tarjetas de Crédito'),
(84, 51, 15, '2025-12-04 04:00:00', 25000, 0, 25000, 'Transferencia'),
(85, 219, 16, '2025-12-07 21:00:00', 25000, 0, 25000, 'Transferencia'),
(86, 77, 17, '2025-12-12 00:00:00', 60000, 5000, 55000, 'Transferencia'),
(87, 65, 18, '2025-12-15 21:00:00', 60000, 0, 60000, 'Efectivo'),
(88, 165, 19, '2025-12-19 21:00:00', 150000, 5000, 145000, 'Efectivo'),
(89, 127, 20, '2025-12-24 01:00:00', 100000, 10000, 90000, 'Tarjetas de Débito'),
(90, 153, 21, '2025-12-27 22:00:00', 60000, 0, 60000, 'Transferencia'),
(91, 197, 22, '2026-01-01 00:00:00', 40000, 0, 40000, 'Tarjetas de Crédito'),
(92, 47, 23, '2026-01-05 03:00:00', 25000, 0, 25000, 'Transferencia'),
(93, 190, 1, '2026-01-09 02:00:00', 60000, 0, 60000, 'Transferencia'),
(94, 215, 2, '2026-01-13 02:00:00', 100000, 5000, 95000, 'Efectivo'),
(95, 80, 3, '2026-01-17 00:00:00', 60000, 10000, 50000, 'Tarjetas de Crédito'),
(96, 43, 4, '2026-01-20 21:00:00', 60000, 0, 60000, 'Tarjetas de Débito'),
(97, 112, 5, '2026-01-25 04:00:00', 40000, 0, 40000, 'Tarjetas de Crédito'),
(98, 53, 6, '2026-01-28 21:00:00', 15000, 0, 15000, 'Efectivo'),
(99, 126, 7, '2026-02-01 23:00:00', 60000, 10000, 50000, 'Transferencia'),
(100, 126, 8, '2026-02-05 21:00:00', 15000, 0, 15000, 'Efectivo'),
(101, 214, 9, '2026-02-09 22:00:00', 15000, 0, 15000, 'Tarjetas de Débito'),
(102, 44, 10, '2026-02-13 22:00:00', 150000, 0, 150000, 'Transferencia'),
(103, 118, 11, '2026-02-17 21:00:00', 40000, 10000, 30000, 'Tarjetas de Crédito'),
(104, 178, 12, '2026-02-22 02:00:00', 100000, 0, 100000, 'Efectivo'),
(105, 117, 13, '2026-02-25 23:00:00', 150000, 10000, 140000, 'Tarjetas de Crédito'),
(106, 43, 14, '2026-03-02 02:00:00', 60000, 0, 60000, 'Tarjetas de Débito'),
(107, 144, 15, '2026-03-06 03:00:00', 15000, 0, 15000, 'Efectivo'),
(108, 176, 16, '2026-03-09 21:00:00', 100000, 10000, 90000, 'Transferencia'),
(109, 130, 17, '2026-03-14 02:00:00', 40000, 5000, 35000, 'Efectivo'),
(110, 48, 18, '2026-03-17 22:00:00', 150000, 5000, 145000, 'Efectivo'),
(111, 23, 19, '2026-03-22 04:00:00', 15000, 0, 15000, 'Tarjetas de Crédito'),
(112, 33, 20, '2026-03-26 03:00:00', 25000, 0, 25000, 'Efectivo'),
(113, 54, 21, '2026-03-29 21:00:00', 40000, 0, 40000, 'Tarjetas de Débito'),
(114, 129, 22, '2026-04-02 21:00:00', 100000, 0, 100000, 'Efectivo'),
(115, 6, 23, '2026-04-06 21:00:00', 60000, 0, 60000, 'Efectivo'),
(116, 183, 1, '2026-04-11 00:00:00', 40000, 10000, 30000, 'Tarjetas de Débito'),
(117, 205, 2, '2026-04-15 01:00:00', 150000, 0, 150000, 'Transferencia'),
(118, 216, 3, '2026-04-18 23:00:00', 15000, 0, 15000, 'Tarjetas de Crédito'),
(119, 91, 4, '2026-04-23 03:00:00', 100000, 0, 100000, 'Efectivo'),
(120, 52, 5, '2026-04-27 03:00:00', 15000, 0, 15000, 'Tarjetas de Crédito');

-- Inserción en DETALLE_VENTA (220 registros)
INSERT INTO DETALLE_VENTA (id_comprobante, id_producto, cantidad, precio_historico) VALUES
(24, 31, 6, 15990),
(75, 31, 2, 15990),
(99, 1, 6, 8990),
(7, 6, 4, 49990),
(81, 35, 5, 85000),
(76, 62, 2, 49990),
(17, 107, 4, 12990),
(96, 40, 4, 35000),
(72, 30, 2, 12990),
(110, 37, 2, 12990),
(95, 95, 6, 22990),
(95, 85, 1, 8990),
(95, 113, 5, 8990),
(19, 83, 5, 49990),
(86, 19, 3, 35000),
(36, 83, 2, 49990),
(3, 117, 1, 35000),
(38, 71, 2, 8990),
(88, 33, 5, 35000),
(106, 93, 6, 12990),
(70, 92, 2, 8990),
(61, 47, 6, 35000),
(23, 63, 6, 85000),
(15, 3, 2, 15990),
(48, 17, 2, 15990),
(21, 36, 2, 8990),
(52, 15, 3, 8990),
(4, 8, 5, 8990),
(89, 44, 2, 12990),
(34, 24, 1, 15990),
(96, 78, 6, 8990),
(118, 6, 3, 49990),
(120, 10, 5, 15990),
(36, 55, 1, 49990),
(113, 48, 1, 49990),
(42, 25, 4, 22990),
(82, 109, 1, 22990),
(108, 116, 1, 22990),
(34, 103, 2, 35000),
(68, 31, 3, 15990),
(8, 21, 3, 85000),
(20, 3, 4, 15990),
(5, 10, 1, 15990),
(51, 9, 5, 12990),
(2, 52, 1, 15990),
(87, 102, 1, 22990),
(57, 4, 2, 22990),
(95, 70, 6, 85000),
(114, 14, 3, 85000),
(68, 114, 6, 12990),
(82, 43, 6, 8990),
(100, 56, 3, 85000),
(75, 62, 5, 49990),
(43, 99, 1, 8990),
(24, 66, 5, 15990),
(107, 8, 2, 8990),
(96, 43, 1, 8990),
(42, 69, 2, 49990),
(42, 28, 5, 85000),
(77, 78, 2, 8990),
(91, 78, 4, 8990),
(82, 117, 1, 35000),
(15, 110, 5, 35000),
(11, 75, 1, 35000),
(114, 93, 1, 12990),
(77, 65, 6, 12990),
(86, 87, 5, 15990),
(20, 86, 5, 12990),
(9, 30, 3, 12990),
(18, 6, 2, 49990),
(67, 75, 4, 35000),
(36, 96, 4, 35000),
(23, 31, 1, 15990),
(120, 24, 1, 15990),
(42, 51, 4, 12990),
(111, 84, 6, 85000),
(82, 70, 3, 85000),
(54, 8, 3, 8990),
(85, 38, 3, 15990),
(88, 55, 6, 49990),
(19, 5, 5, 35000),
(106, 18, 3, 22990),
(69, 60, 6, 22990),
(30, 16, 2, 12990),
(76, 63, 3, 85000),
(97, 76, 2, 49990),
(114, 80, 5, 15990),
(56, 104, 6, 49990),
(98, 50, 6, 8990),
(101, 12, 3, 35000),
(13, 79, 1, 12990),
(95, 28, 3, 85000),
(48, 14, 3, 85000),
(83, 95, 5, 22990),
(38, 63, 4, 85000),
(109, 24, 4, 15990),
(97, 72, 5, 12990),
(32, 28, 6, 85000),
(115, 66, 3, 15990),
(90, 92, 3, 8990),
(75, 11, 4, 22990),
(60, 35, 4, 85000),
(92, 44, 4, 12990),
(57, 29, 2, 8990),
(78, 77, 6, 85000),
(98, 118, 4, 49990),
(53, 74, 6, 22990),
(98, 110, 2, 35000),
(3, 7, 6, 85000),
(15, 114, 2, 12990),
(27, 119, 3, 85000),
(42, 109, 6, 22990),
(45, 2, 5, 12990),
(88, 49, 5, 85000),
(107, 80, 1, 15990),
(21, 5, 3, 35000),
(30, 41, 4, 49990),
(36, 71, 3, 8990),
(100, 108, 4, 15990),
(43, 63, 1, 85000),
(97, 96, 3, 35000),
(37, 111, 4, 49990),
(103, 102, 6, 22990),
(57, 85, 5, 8990),
(31, 66, 2, 15990),
(106, 63, 6, 85000),
(10, 103, 5, 35000),
(61, 95, 6, 22990),
(25, 78, 4, 8990),
(75, 46, 5, 22990),
(95, 57, 1, 8990),
(86, 33, 6, 35000),
(112, 110, 2, 35000),
(16, 49, 2, 85000),
(9, 98, 4, 85000),
(104, 1, 4, 8990),
(108, 88, 5, 22990),
(59, 101, 3, 15990),
(63, 68, 1, 35000),
(99, 32, 2, 22990),
(56, 98, 3, 85000),
(91, 19, 5, 35000),
(114, 63, 2, 85000),
(35, 45, 1, 15990),
(104, 24, 4, 15990),
(9, 92, 2, 8990),
(62, 35, 6, 85000),
(90, 65, 5, 12990),
(40, 86, 5, 12990),
(37, 109, 1, 22990),
(39, 54, 6, 35000),
(82, 61, 1, 35000),
(93, 96, 4, 35000),
(46, 8, 2, 8990),
(32, 21, 3, 85000),
(57, 97, 2, 49990),
(57, 86, 3, 12990),
(73, 116, 3, 22990),
(96, 83, 3, 49990),
(81, 36, 1, 8990),
(48, 98, 2, 85000),
(41, 6, 1, 49990),
(23, 15, 4, 8990),
(4, 91, 2, 85000),
(91, 57, 3, 8990),
(72, 68, 4, 35000),
(11, 112, 4, 85000),
(26, 14, 5, 85000),
(49, 78, 4, 8990),
(120, 44, 3, 12990),
(15, 43, 1, 8990),
(9, 78, 3, 8990),
(9, 63, 6, 85000),
(4, 43, 4, 8990),
(31, 114, 1, 12990),
(42, 97, 5, 49990),
(3, 106, 3, 8990),
(26, 73, 6, 15990),
(116, 40, 3, 35000),
(79, 109, 5, 22990),
(49, 55, 3, 49990),
(46, 21, 6, 85000),
(83, 61, 4, 35000),
(32, 34, 4, 49990),
(50, 70, 6, 85000),
(62, 7, 2, 85000),
(89, 12, 4, 35000),
(62, 109, 6, 22990),
(120, 58, 2, 12990),
(75, 108, 3, 15990),
(51, 90, 5, 49990),
(68, 38, 5, 15990),
(86, 114, 1, 12990),
(106, 90, 2, 49990),
(52, 37, 5, 12990),
(70, 67, 5, 22990),
(67, 100, 6, 12990),
(64, 65, 2, 12990),
(61, 73, 1, 15990),
(107, 93, 6, 12990),
(88, 56, 2, 85000),
(117, 9, 6, 12990),
(90, 58, 3, 12990),
(43, 110, 6, 35000),
(64, 62, 3, 49990),
(101, 81, 6, 22990),
(113, 28, 2, 85000),
(71, 1, 3, 8990),
(60, 105, 5, 85000),
(93, 119, 4, 85000),
(17, 106, 6, 8990),
(7, 7, 4, 85000),
(21, 22, 5, 8990),
(28, 41, 1, 49990),
(72, 92, 2, 8990),
(46, 16, 3, 12990),
(9, 9, 2, 12990),
(6, 18, 4, 22990),
(76, 64, 3, 8990),
(81, 55, 4, 49990),
(61, 92, 5, 8990),
(26, 92, 4, 8990),
(103, 13, 2, 49990),
(79, 5, 4, 35000),
(102, 87, 4, 15990),
(80, 117, 5, 35000),
(66, 67, 3, 22990),
(1, 101, 4, 15990),
(15, 85, 2, 8990),
(108, 64, 5, 8990),
(11, 21, 1, 85000),
(113, 3, 5, 15990),
(91, 1, 5, 8990),
(58, 51, 1, 12990),
(39, 113, 3, 8990),
(49, 107, 4, 12990),
(98, 10, 5, 15990),
(55, 7, 3, 85000),
(109, 3, 5, 15990),
(13, 27, 5, 49990);
